pick_reason,entry_number,scores_file,mpid__signal_score,resnet34_gn__signal_score,n_pixels,reference_folder,dataset,run_number,subrun_number,event_number
A_high_tail+C_weird_lowpix,495,run1_NuMI_dirt_larcv_cropped_scores.csv,0.9928505420684814,0.8824428915977478,54,mpid,run1_samples,7017,251,12571
A_high_tail,952,run1_NuMI_dirt_larcv_cropped_scores.csv,0.9865743517875672,0.0880661830306053,331,mpid,run1_samples,7017,1661,83075
A_high_tail,439,run1_NuMI_dirt_larcv_cropped_scores.csv,0.9857634902000428,0.9932098984718324,1732,mpid,run1_samples,7017,405,20263
A_high_tail,3245,run1_NuMI_dirt_larcv_cropped_scores.csv,0.98243248462677,0.4194788038730621,79,mpid,run1_samples,7018,417,20880
B_border,414,run1_NuMI_dirt_larcv_cropped_scores.csv,0.4993837475776672,0.0062786848284304,729,mpid,run1_samples,7014,1713,85674
B_border,2313,run1_NuMI_dirt_larcv_cropped_scores.csv,0.4979581534862518,0.892532229423523,334,mpid,run1_samples,7018,670,33519
B_border+D_busy,2926,run1_NuMI_dirt_larcv_cropped_scores.csv,0.49777352809906,0.0109110223129391,4102,mpid,run1_samples,7018,347,17395
B_border,3122,run1_NuMI_dirt_larcv_cropped_scores.csv,0.497728168964386,0.0490572527050972,140,mpid,run1_samples,7023,534,26704
D_busy,705,run1_NuMI_dirt_larcv_cropped_scores.csv,0.0003215793694835,0.0079333772882819,4916,mpid,run1_samples,7020,451,22557
D_busy,1945,run1_NuMI_dirt_larcv_cropped_scores.csv,0.0003413335653021,0.0013680603587999,2241,mpid,run1_samples,7020,780,39030
D_busy,247,run1_NuMI_dirt_larcv_cropped_scores.csv,0.0003871829540003,0.0070262192748487,2500,mpid,run1_samples,7017,1701,85059
D_busy,2002,run1_NuMI_dirt_larcv_cropped_scores.csv,0.0004318918508943,0.0039615961723029,4042,mpid,run1_samples,7020,499,24996
A_high_tail,4953,run1_NuMI_nu_overlay_larcv_cropped_scores.csv,0.999585211277008,0.997687816619873,1813,mpid,run1_samples,6783,197,9860
A_high_tail+D_busy,7913,run1_NuMI_nu_overlay_larcv_cropped_scores.csv,0.999537467956543,0.9919243454933168,3777,mpid,run1_samples,7008,369,18498
A_high_tail+D_busy,1650,run1_NuMI_nu_overlay_larcv_cropped_scores.csv,0.9987261891365052,0.997793436050415,2935,mpid,run1_samples,6568,18,936
A_high_tail+C_weird_lowpix,12411,run1_NuMI_nu_overlay_larcv_cropped_scores.csv,0.9987198114395142,0.9643672108650208,583,mpid,run1_samples,7012,68,3405
B_border,734,run1_NuMI_nu_overlay_larcv_cropped_scores.csv,0.4999464750289917,0.005425754468888,1333,mpid,run1_samples,6371,57,2852
B_border+D_busy,1427,run1_NuMI_nu_overlay_larcv_cropped_scores.csv,0.4998590052127838,0.9576911330223083,5654,mpid,run1_samples,6489,117,5882
B_border+C_weird_lowpix,2688,run1_NuMI_nu_overlay_larcv_cropped_scores.csv,0.4995426535606384,0.7196504473686218,439,mpid,run1_samples,6596,161,8067
B_border,6438,run1_NuMI_nu_overlay_larcv_cropped_scores.csv,0.4994056224822998,0.0064223012886941,2109,mpid,run1_samples,7004,1301,65084
D_busy,7988,run1_NuMI_nu_overlay_larcv_cropped_scores.csv,4.440649354364723e-05,0.0030080943834036,2650,mpid,run1_samples,7008,528,26421
D_busy,3397,run1_NuMI_nu_overlay_larcv_cropped_scores.csv,4.7450765123358e-05,0.0527866445481777,5478,mpid,run1_samples,6797,69,3464
D_busy,4142,run1_NuMI_nu_overlay_larcv_cropped_scores.csv,7.537173223681748e-05,0.0015455045504495,2662,mpid,run1_samples,6658,65,3255
D_busy,6850,run1_NuMI_nu_overlay_larcv_cropped_scores.csv,0.0001024388620862,0.0035570287145674,4513,mpid,run1_samples,7006,511,25557
A_high_tail+C_weird_lowpix,452,run1_offbeam_larcv_cropped_full_set_scores.csv,0.9975531697273254,0.8202998042106628,277,mpid,run1_samples,5092,113,5677
A_high_tail,1138,run1_offbeam_larcv_cropped_full_set_scores.csv,0.9972622394561768,0.8086745142936707,1214,mpid,run1_samples,7126,66,3315
A_high_tail,2256,run1_offbeam_larcv_cropped_full_set_scores.csv,0.9941073656082152,0.0623338110744953,946,mpid,run1_samples,6160,47,2385
A_high_tail,2627,run1_offbeam_larcv_cropped_full_set_scores.csv,0.9814299941062928,0.112617053091526,328,mpid,run1_samples,7512,19,973
B_border,3374,run1_offbeam_larcv_cropped_full_set_scores.csv,0.4995752573013305,0.4182586073875427,666,mpid,run1_samples,6429,94,4716
B_border+D_busy,2559,run1_offbeam_larcv_cropped_full_set_scores.csv,0.5035154223442078,0.0989004522562027,3319,mpid,run1_samples,6286,163,8193
B_border+C_weird_lowpix,758,run1_offbeam_larcv_cropped_full_set_scores.csv,0.5069567561149597,0.1280636638402938,218,mpid,run1_samples,6549,49,2456
B_border,2265,run1_offbeam_larcv_cropped_full_set_scores.csv,0.4929957091808319,0.2340652346611023,1030,mpid,run1_samples,7017,1127,56379
D_busy,3775,run1_offbeam_larcv_cropped_full_set_scores.csv,0.0001206572414957,0.0058983247727155,3581,mpid,run1_samples,6360,23,1155
D_busy,3072,run1_offbeam_larcv_cropped_full_set_scores.csv,0.0002136558032361,0.0044524953700602,2774,mpid,run1_samples,7444,45,2297
D_busy,2850,run1_offbeam_larcv_cropped_full_set_scores.csv,0.0004624360008165,0.0022998368367552,2694,mpid,run1_samples,6058,74,3715
E_disagree,89,run1_NuMI_dirt_larcv_cropped_scores.csv,0.9745486974716188,0.004135625436902,2167,mpid,run1_samples,7017,344,17216
E_disagree,1750,run1_NuMI_dirt_larcv_cropped_scores.csv,0.9627593755722046,0.0126678952947258,396,mpid,run1_samples,7019,492,24620
E_disagree,2227,run1_NuMI_nu_overlay_larcv_cropped_scores.csv,0.977053165435791,0.0305085517466068,2728,mpid,run1_samples,6690,6,323
E_disagree,4856,run1_NuMI_nu_overlay_larcv_cropped_scores.csv,0.9901424050331116,0.0071992557495832,1455,mpid,run1_samples,6800,81,4051
E_disagree,5259,run1_NuMI_nu_overlay_larcv_cropped_scores.csv,0.9713886976242064,0.0230188779532909,2169,mpid,run1_samples,6963,133,6671
E_disagree,6287,run1_NuMI_nu_overlay_larcv_cropped_scores.csv,0.9766696691513062,0.0292631778866052,2232,mpid,run1_samples,7008,641,32074
E_disagree,10340,run1_NuMI_nu_overlay_larcv_cropped_scores.csv,0.96228688955307,0.0143455229699611,4075,mpid,run1_samples,7010,798,39904
E_disagree,11591,run1_NuMI_nu_overlay_larcv_cropped_scores.csv,0.97950279712677,0.0262578353285789,1644,mpid,run1_samples,7014,1617,80852
E_disagree,2455,run1_offbeam_larcv_cropped_full_set_scores.csv,0.9559572339057922,0.0090717570856213,1473,mpid,run1_samples,6698,132,6608
E_disagree,3132,run1_offbeam_larcv_cropped_full_set_scores.csv,0.971367120742798,0.0157112125307321,594,mpid,run1_samples,7487,146,7343
