run_number,subrun_number,event_number
6577,10,513
6577,10,518
6577,10,522
6577,10,524
6577,10,525
6577,10,538
6577,11,559
6577,11,576
6577,11,598
6577,12,621
6577,12,638
6577,12,642
6577,12,646
6577,13,667
6577,13,674
6577,13,676
6577,13,692
6577,14,714
6577,14,727
6577,14,731
6577,14,741
6577,14,743
6577,14,748
6577,15,777
6577,15,789
6577,15,796
6577,16,806
6577,16,807
6577,16,844
6577,16,849
6577,17,861
6577,17,874
6577,17,884
6577,17,895
6577,18,901
6577,18,919
6577,18,936
6577,19,957
6577,19,965
6577,19,967
6577,19,983
6577,19,987
6493,127,6360
6493,127,6391
6493,127,6393
6493,128,6404
6493,128,6407
6493,128,6410
6493,128,6426
6493,128,6440
6493,128,6442
6493,129,6465
6493,129,6469
6493,129,6473
6493,129,6474
6493,129,6476
6493,129,6483
6493,129,6489
6493,129,6490
6493,129,6491
6493,129,6492
6493,129,6500
6493,130,6505
6493,130,6511
6493,130,6525
6493,130,6526
6493,130,6529
6493,130,6531
6493,130,6536
6493,130,6543
6493,130,6546
6493,131,6567
6493,131,6580
6493,131,6582
6493,131,6586
6493,132,6614
6493,132,6617
6493,132,6642
6493,132,6643
6493,132,6649
6493,133,6655
6493,133,6659
6493,133,6666
6493,133,6670
6493,133,6679
6493,134,6702
6493,134,6705
6493,134,6710
6493,134,6739
6493,134,6748
6493,135,6753
6493,135,6780
6493,135,6788
6493,136,6804
6542,38,1909
6542,38,1913
6542,38,1916
6542,38,1922
6542,38,1924
6542,38,1930
6542,38,1938
6542,39,1964
6542,39,1989
6542,41,2062
6542,41,2063
6542,41,2065
6542,41,2082
6542,41,2088
6542,41,2095
6542,42,2145
6542,43,2154
6542,43,2161
6542,43,2168
6542,43,2190
6542,43,2195
6542,45,2264
6542,45,2266
6542,45,2293
6542,46,2301
6542,46,2306
6542,46,2307
6542,46,2324
6542,46,2325
6542,46,2332
6542,46,2340
6542,47,2365
6542,47,2366
6542,47,2382
6542,47,2387
6542,47,2400
6542,49,2458
6542,49,2497
6542,49,2498
6542,50,2502
6542,50,2504
6542,50,2518
6542,50,2537
6529,84,4212
6529,84,4213
6529,84,4219
6529,84,4221
6529,84,4232
6529,84,4241
6529,85,4269
6529,85,4274
6529,85,4275
6529,85,4291
6529,85,4299
6529,86,4306
6529,86,4309
6529,86,4328
6529,86,4346
6529,86,4348
6529,87,4390
6529,87,4396
6529,88,4402
6529,88,4404
6529,88,4410
6529,88,4432
6529,88,4441
6529,88,4444
6529,88,4448
6529,89,4467
6529,89,4490
6529,90,4521
6529,90,4525
6529,96,4809
6529,96,4813
6529,96,4820
6529,96,4828
6529,96,4836
6529,96,4840
6529,97,4864
6529,97,4875
6529,97,4881
6529,97,4885
6529,97,4888
6529,98,4901
6529,98,4905
6529,98,4908
6529,98,4923
6529,98,4932
6529,98,4934
6529,98,4943
6529,98,4944
6620,64,3201
6620,64,3235
6620,65,3262
6620,65,3266
6620,65,3281
6620,65,3293
6620,65,3298
6620,66,3318
6620,67,3356
6620,67,3359
6620,67,3364
6620,67,3374
6620,68,3430
6620,68,3432
6620,69,3464
6620,69,3467
6620,69,3480
6620,69,3488
6620,70,3527
6620,70,3528
6620,70,3532
6620,70,3549
6620,72,3602
6620,72,3603
6620,72,3618
6620,72,3620
6620,72,3622
6620,72,3631
6620,72,3635
6620,72,3649
6620,73,3657
6620,73,3687
6566,68,3406
6566,68,3426
6566,68,3437
6566,68,3441
6566,70,3519
6566,70,3541
6566,70,3543
6566,71,3557
6566,71,3558
6566,71,3570
6566,71,3594
6566,72,3612
6566,72,3625
6566,72,3626
6566,72,3636
6566,72,3637
6566,72,3638
6566,72,3640
6566,72,3646
6566,73,3653
6566,73,3675
6566,73,3677
6566,73,3680
6566,73,3696
6566,74,3723
6566,74,3729
6566,75,3762
6566,75,3782
6566,75,3787
6566,76,3808
6566,76,3812
6566,76,3831
6566,78,3903
6566,78,3927
6566,78,3931
6566,78,3935
6566,78,3947
6566,79,3978
6542,16,806
6542,16,833
6542,16,841
6542,16,844
6542,16,845
6542,16,848
6542,17,851
6542,17,878
6542,17,890
6542,17,891
6542,20,1006
6542,20,1040
6542,21,1061
6542,21,1077
6542,21,1083
6542,24,1231
6542,24,1236
6542,24,1246
6542,25,1270
6542,25,1271
6542,28,1434
6542,28,1450
6542,29,1455
6542,29,1460
6542,29,1465
6542,29,1484
6542,29,1497
6542,29,1498
6542,34,1702
6542,34,1709
6542,34,1734
6542,34,1748
6542,35,1753
6542,35,1764
6542,35,1778
6542,35,1785
6503,84,4208
6503,84,4215
6503,84,4225
6503,84,4234
6503,84,4241
6503,85,4255
6503,85,4258
6503,85,4268
6503,85,4275
6503,85,4283
6503,86,4302
6503,86,4330
6503,87,4353
6503,87,4374
6503,87,4380
6503,87,4393
6503,87,4394
6503,87,4396
6503,87,4400
6503,88,4406
6503,88,4412
6503,88,4422
6503,88,4425
6503,88,4427
6503,88,4439
6503,89,4452
6503,89,4477
6503,89,4493
6503,90,4501
6503,90,4533
6503,90,4543
6503,91,4562
6503,91,4571
6503,91,4579
6503,91,4597
6503,92,4615
6503,92,4629
6503,92,4635
6503,93,4667
6503,93,4676
6503,93,4678
6542,112,5601
6542,112,5604
6542,112,5609
6542,112,5626
6542,112,5632
6542,112,5633
6542,112,5643
6542,113,5671
6542,113,5675
6542,113,5682
6542,113,5697
6542,113,5698
6542,114,5708
6542,114,5743
6542,114,5744
6542,114,5746
6542,115,5769
6542,116,5801
6542,116,5816
6542,116,5820
6542,116,5826
6542,116,5830
6542,116,5842
6542,117,5898
6542,118,5910
6542,118,5918
6542,118,5919
6542,118,5925
6542,118,5940
6542,118,5948
6542,119,5960
6542,119,5969
6542,119,5977
6542,119,5989
6542,120,6008
6542,120,6023
6542,120,6028
6542,120,6032
6542,121,6051
6542,121,6054
6542,121,6056
6542,121,6059
6542,121,6084
6542,121,6088
6542,121,6095
6542,121,6099
6340,89,4460
6340,89,4477
6340,89,4481
6340,90,4505
6340,90,4508
6340,90,4533
6340,91,4576
6340,91,4597
6340,96,4803
6340,128,6402
6340,128,6403
6340,128,6418
6340,128,6441
6340,129,6483
6340,129,6495
6340,150,7543
6340,150,7544
6340,151,7560
6340,151,7570
6340,152,7613
6340,152,7641
6563,100,5002
6563,100,5007
6563,100,5037
6563,100,5039
6563,100,5048
6563,101,5054
6563,101,5057
6563,101,5071
6563,101,5099
6563,102,5103
6563,102,5105
6563,102,5135
6563,102,5139
6563,103,5177
6563,103,5188
6563,103,5195
6563,103,5197
6563,104,5205
6563,104,5222
6563,105,5251
6563,105,5260
6563,105,5270
6563,105,5280
6563,105,5289
6563,105,5300
6563,106,5306
6563,106,5314
6563,106,5315
6563,106,5316
6563,106,5319
6563,106,5333
6563,106,5339
6563,106,5347
6563,106,5348
6563,107,5362
6563,107,5368
6563,107,5377
6563,107,5390
6563,107,5396
6563,107,5399
6563,108,5412
6563,108,5420
6563,108,5426
6563,108,5433
6563,109,5452
6563,109,5454
6563,109,5499
6535,87,4354
6535,87,4368
6535,87,4399
6535,88,4418
6535,88,4434
6535,89,4458
6535,89,4469
6535,89,4471
6535,89,4490
6535,90,4504
6535,90,4518
6535,90,4529
6535,91,4555
6535,91,4556
6535,91,4562
6535,91,4570
6535,91,4579
6535,91,4582
6535,91,4583
6535,91,4587
6535,92,4604
6535,92,4617
6535,92,4622
6535,93,4653
6535,93,4654
6535,93,4656
6535,93,4687
6535,93,4693
6535,93,4694
6535,94,4711
6535,94,4716
6535,94,4717
6535,94,4720
6535,94,4723
6535,94,4740
6535,94,4747
6535,95,4786
6535,96,4802
6535,96,4819
6535,96,4834
6535,96,4842
6535,96,4850
6575,10,512
6575,10,516
6575,10,541
6575,11,556
6575,11,593
6575,11,594
6575,11,598
6575,12,612
6575,12,613
6575,12,626
6575,12,645
6575,12,648
6575,13,666
6575,13,681
6575,13,683
6575,13,686
6575,13,690
6575,14,707
6575,14,723
6575,14,735
6575,14,736
6575,15,770
6575,15,776
6575,15,790
6575,16,808
6575,16,827
6575,16,836
6575,16,840
6575,16,849
6575,17,864
6575,17,868
6575,17,887
6575,17,889
6575,18,910
6575,18,948
6575,19,954
6575,19,955
6575,19,956
6575,19,977
6575,19,990
6575,19,997
6493,94,4717
6493,94,4731
6493,94,4736
6493,94,4737
6493,94,4738
6493,94,4748
6493,95,4772
6493,95,4797
6493,96,4813
6493,96,4817
6493,97,4851
6493,97,4852
6493,97,4886
6493,97,4893
6493,97,4900
6493,98,4903
6493,98,4906
6493,98,4927
6493,98,4933
6493,99,4958
6493,99,4963
6493,99,4966
6493,99,4970
6493,99,4976
6493,99,4991
6493,100,5009
6493,100,5036
6493,100,5046
6493,101,5051
6493,101,5069
6493,101,5075
6493,101,5077
6493,101,5086
6493,101,5087
6493,102,5107
6493,102,5112
6493,102,5113
6493,102,5118
6493,102,5119
6493,102,5124
6493,102,5136
6493,102,5142
6493,102,5148
6493,102,5149
6493,103,5162
6542,164,8209
6542,164,8222
6542,164,8225
6542,164,8230
6542,164,8231
6542,164,8238
6542,165,8271
6542,165,8272
6542,165,8286
6542,165,8290
6542,166,8303
6542,166,8310
6542,166,8319
6542,166,8324
6542,166,8330
6542,166,8332
6542,167,8363
6542,167,8370
6542,167,8375
6542,167,8381
6542,167,8382
6542,167,8391
6542,167,8395
6542,168,8404
6542,168,8406
6542,168,8419
6542,168,8425
6542,168,8429
6542,169,8460
6542,169,8467
6542,169,8478
6542,169,8487
6542,169,8488
6542,169,8491
6542,169,8494
6542,169,8496
6542,170,8512
6542,170,8514
6542,170,8534
6542,170,8535
6542,170,8537
6542,171,8589
6542,171,8593
6542,171,8598
6542,172,8640
6542,173,8654
6542,173,8659
6542,173,8680
6542,173,8682
6542,173,8686
6542,173,8691
6542,173,8692
6542,173,8697
6506,8,407
6506,8,418
6506,8,446
6506,9,456
6506,9,461
6506,9,467
6506,9,471
6506,9,486
6506,9,490
6506,9,495
6506,11,553
6506,11,569
6506,11,572
6506,11,591
6506,11,598
6506,12,611
6506,12,617
6506,12,618
6506,12,622
6506,12,626
6506,12,640
6506,13,656
6506,13,657
6506,13,659
6506,13,665
6506,13,684
6506,13,689
6506,13,700
6506,14,702
6506,14,726
6506,14,733
6506,14,746
6506,15,764
6506,15,776
6506,15,781
6506,15,800
6506,16,820
6506,16,831
6506,16,835
6506,16,836
6506,16,842
6506,16,843
6506,16,846
6506,16,847
6506,16,848
6506,16,850
6506,17,871
6506,17,879
6506,18,921
6506,18,936
6506,18,940
6506,18,942
6482,0,4
6482,0,25
6482,0,33
6482,1,75
6482,1,76
6482,1,92
6482,2,106
6482,2,109
6482,2,118
6482,2,122
6482,3,153
6482,3,158
6482,3,165
6482,3,180
6482,3,187
6482,3,194
6482,4,238
6482,4,239
6482,4,240
6482,4,248
6482,5,261
6482,5,265
6482,5,277
6482,5,279
6482,5,290
6482,6,304
6482,6,307
6482,6,308
6482,6,309
6482,6,315
6482,6,334
6482,6,340
6482,6,344
6482,7,354
6482,7,359
6482,7,385
6482,7,391
6482,8,402
6482,8,419
6482,8,422
6482,8,426
6482,8,447
6482,9,466
6571,161,8051
6571,161,8060
6571,161,8066
6571,161,8070
6571,161,8074
6571,161,8087
6571,161,8098
6571,162,8111
6571,162,8117
6571,162,8124
6571,162,8130
6571,162,8133
6571,162,8140
6571,163,8169
6571,164,8201
6571,164,8204
6571,164,8212
6571,164,8232
6571,165,8251
6571,165,8262
6571,165,8274
6571,165,8277
6571,165,8280
6571,165,8290
6571,165,8298
6571,165,8299
6571,166,8330
6571,166,8333
6571,166,8339
6571,167,8366
6571,167,8374
6571,167,8393
6571,167,8395
6571,167,8398
6571,168,8406
6571,168,8408
6571,168,8411
6571,168,8421
6571,168,8432
6571,168,8438
6571,168,8441
6571,169,8452
6571,169,8463
6571,169,8465
6571,169,8467
6571,169,8470
6571,169,8484
6571,169,8499
6571,170,8530
6571,170,8534
6571,170,8542
6571,170,8543
6497,134,6709
6497,134,6716
6497,134,6740
6497,134,6741
6497,134,6743
6497,134,6749
6497,135,6761
6497,135,6770
6497,135,6771
6497,135,6781
6497,135,6792
6497,135,6799
6497,136,6807
6497,136,6814
6497,136,6815
6497,136,6816
6497,137,6851
6497,137,6853
6497,137,6883
6497,137,6884
6497,138,6901
6497,138,6906
6497,138,6907
6497,138,6921
6497,138,6925
6497,138,6939
6497,138,6941
6497,139,6959
6497,139,6961
6497,139,6966
6497,139,6970
6497,139,6978
6497,139,6980
6497,139,6987
6497,139,6992
6497,140,7021
6497,140,7030
6497,140,7038
6497,140,7042
6497,140,7049
6497,141,7081
6497,141,7084
6497,142,7104
6497,142,7109
6497,142,7116
6497,142,7138
6497,143,7168
6497,143,7182
6497,143,7185
6497,143,7186
6530,27,1365
6530,27,1388
6530,28,1403
6530,28,1408
6530,28,1424
6530,29,1454
6530,29,1460
6530,29,1461
6530,29,1466
6530,29,1476
6530,30,1528
6530,30,1540
6530,31,1564
6530,31,1590
6530,32,1607
6530,32,1610
6530,32,1613
6530,32,1616
6530,32,1626
6530,32,1629
6530,33,1652
6530,33,1656
6530,33,1668
6530,33,1672
6530,33,1677
6530,33,1691
6530,33,1698
6530,34,1704
6530,34,1707
6530,34,1728
6530,34,1742
6530,34,1750
6530,35,1767
6530,35,1786
6530,35,1795
6530,35,1796
6530,36,1809
6530,36,1834
6544,153,7651
6544,153,7655
6544,154,7702
6544,154,7703
6544,154,7734
6544,154,7735
6544,154,7743
6544,154,7744
6544,155,7775
6544,155,7783
6544,155,7785
6544,155,7788
6544,156,7804
6544,156,7839
6544,157,7874
6544,157,7885
6544,158,7903
6544,158,7905
6544,158,7909
6544,158,7914
6544,159,7975
6544,159,7982
6544,159,7983
6544,160,8001
6544,160,8006
6544,160,8008
6544,160,8021
6544,160,8030
6544,160,8039
6544,160,8046
6544,162,8106
6544,162,8117
6544,162,8126
6544,162,8140
6544,162,8146
6544,163,8169
6563,90,4503
6563,90,4513
6563,90,4515
6563,90,4521
6563,91,4593
6563,91,4599
6563,92,4604
6563,92,4606
6563,92,4630
6563,92,4636
6563,92,4639
6563,92,4649
6563,93,4659
6563,93,4679
6563,93,4685
6563,94,4709
6563,94,4719
6563,94,4724
6563,94,4725
6563,94,4748
6563,95,4759
6563,95,4793
6563,95,4795
6563,96,4803
6563,96,4815
6563,96,4827
6563,96,4832
6563,96,4847
6563,97,4869
6563,98,4902
6563,98,4914
6563,98,4923
6563,98,4924
6563,98,4935
6563,99,4951
6563,99,4966
6563,99,4985
6563,99,5000
6571,192,9608
6571,192,9615
6571,194,9710
6571,194,9726
6571,194,9743
6571,196,9806
6571,196,9807
6571,196,9816
6571,196,9818
6571,196,9849
6571,197,9863
6571,197,9887
6571,198,9909
6571,198,9932
6571,198,9940
6571,198,9949
6571,199,9955
6571,199,9960
6571,199,9974
6571,199,9988
6571,199,9990
6571,199,9991
6571,201,10066
6571,201,10076
6571,201,10077
6571,204,10204
6571,204,10215
6571,204,10241
6571,204,10248
6571,204,10249
6571,205,10251
6571,205,10255
6571,205,10263
6571,205,10269
6571,177,8862
6571,177,8865
6571,177,8896
6571,178,8924
6571,179,8957
6571,179,8975
6571,180,9029
6571,180,9038
6571,181,9062
6571,181,9094
6571,181,9096
6489,53,2654
6489,53,2669
6489,53,2671
6489,53,2693
6489,54,2709
6489,54,2726
6489,54,2731
6489,54,2738
6489,55,2752
6489,55,2766
6489,55,2780
6489,55,2789
6489,55,2793
6489,56,2826
6489,56,2840
6489,77,3853
6489,77,3855
6489,77,3861
6489,77,3882
6489,77,3886
6489,77,3891
6489,77,3892
6489,77,3900
6489,78,3934
6489,79,3956
6489,79,3959
6489,79,3967
6489,79,3973
6489,79,3983
6489,79,4000
6489,80,4001
6489,80,4006
6489,80,4019
6489,80,4024
6489,80,4030
6489,80,4037
6489,80,4041
6489,80,4042
6489,80,4049
6489,81,4074
6489,81,4079
6489,81,4082
6489,81,4092
6489,82,4112
6489,82,4114
6489,82,4118
6489,82,4121
6506,79,3959
6506,80,4002
6506,80,4005
6506,80,4008
6506,80,4011
6506,80,4036
6506,81,4061
6506,81,4063
6506,81,4066
6506,81,4077
6506,81,4084
6506,81,4086
6506,81,4089
6506,81,4092
6506,81,4095
6506,82,4126
6506,82,4128
6506,82,4130
6506,83,4161
6506,83,4181
6506,83,4192
6506,84,4201
6506,84,4214
6506,84,4217
6506,84,4219
6506,84,4233
6506,84,4242
6506,85,4254
6506,85,4288
6506,85,4295
6506,86,4305
6506,86,4337
6506,86,4346
6506,87,4354
6506,87,4362
6506,87,4390
6506,88,4401
6506,88,4417
6506,88,4429
6506,88,4438
6502,74,3705
6502,74,3713
6502,74,3716
6502,74,3729
6502,74,3740
6502,74,3742
6502,75,3762
6502,75,3783
6502,75,3792
6502,76,3806
6502,76,3813
6502,76,3814
6502,76,3822
6502,76,3829
6502,76,3847
6502,77,3864
6502,77,3875
6502,77,3876
6502,77,3880
6502,77,3886
6502,77,3889
6502,77,3892
6502,78,3902
6502,78,3916
6502,78,3925
6502,78,3928
6502,78,3938
6502,78,3940
6502,78,3946
6502,79,3965
6502,79,3970
6502,79,3982
6502,79,3991
6502,80,4014
6502,80,4031
6502,80,4035
6502,80,4041
6502,81,4051
6502,81,4053
6502,81,4054
6502,81,4057
6502,81,4062
6502,81,4071
6502,81,4072
6502,82,4125
6502,82,4130
6502,82,4142
6502,83,4181
6502,83,4186
6533,143,7171
6533,143,7172
6533,143,7183
6533,143,7194
6533,143,7197
6533,144,7214
6533,144,7219
6533,144,7223
6533,144,7225
6533,144,7240
6533,144,7249
6533,145,7272
6533,145,7299
6533,146,7313
6533,146,7315
6533,146,7318
6533,146,7335
6533,146,7341
6533,146,7343
6533,147,7360
6533,147,7372
6533,147,7400
6533,148,7401
6533,148,7414
6533,148,7417
6533,148,7427
6533,148,7428
6533,148,7434
6533,149,7465
6533,149,7471
6533,149,7476
6533,149,7488
6533,150,7517
6533,150,7526
6533,150,7529
6533,150,7546
6533,151,7555
6533,151,7568
6533,151,7579
6533,151,7590
6533,152,7606
6533,152,7609
6533,152,7612
6348,46,2319
6348,46,2323
6348,46,2327
6348,46,2347
6348,47,2390
6348,48,2429
6348,48,2435
6348,48,2442
6348,49,2464
6348,50,2517
6348,50,2533
6348,50,2538
6348,50,2542
6348,51,2557
6348,51,2558
6348,51,2582
6348,51,2597
6348,52,2604
6348,52,2637
6348,75,3774
6348,75,3798
6544,82,4110
6544,82,4133
6544,82,4136
6544,82,4138
6544,82,4139
6544,82,4149
6544,83,4163
6544,83,4175
6544,83,4177
6544,83,4183
6544,83,4186
6544,83,4187
6544,83,4188
6544,83,4199
6544,84,4204
6544,84,4210
6544,84,4234
6544,84,4249
6544,84,4250
6544,85,4257
6544,85,4259
6544,85,4261
6544,85,4286
6544,86,4307
6544,86,4308
6544,86,4310
6544,86,4313
6544,86,4337
6544,86,4339
6544,86,4341
6544,87,4367
6544,87,4400
6544,88,4417
6544,88,4419
6544,88,4429
6544,88,4440
6544,88,4442
6544,89,4451
6544,89,4456
6544,89,4468
6544,89,4482
6544,89,4485
6544,89,4488
6544,89,4491
6544,90,4517
6544,90,4541
6544,90,4542
6544,90,4548
6544,91,4556
6544,91,4563
6544,91,4579
6544,91,4580
6544,91,4586
6544,91,4593
6544,91,4599
6676,97,4862
6676,97,4864
6676,97,4890
6676,99,4964
6676,99,4984
6676,99,4998
6676,100,5003
6676,100,5008
6676,100,5010
6676,100,5022
6676,101,5066
6676,102,5116
6676,102,5119
6676,102,5132
6676,102,5139
6676,102,5141
6676,103,5177
6676,103,5185
6676,103,5191
6676,103,5195
6676,104,5225
6676,104,5236
6676,104,5237
6676,104,5245
6676,105,5263
6676,105,5265
6676,105,5271
6676,106,5318
6676,106,5320
6676,106,5323
6676,106,5331
6544,277,13868
6544,277,13872
6544,277,13874
6544,277,13880
6544,277,13891
6544,277,13899
6544,278,13922
6544,278,13931
6544,278,13945
6544,278,13946
6544,279,13951
6544,279,13967
6544,279,13977
6544,279,13979
6544,280,14038
6544,281,14051
6544,281,14053
6544,281,14056
6544,281,14080
6544,281,14086
6544,281,14099
6544,281,14100
6544,282,14104
6544,282,14110
6544,282,14139
6544,283,14152
6544,283,14168
6544,283,14170
6544,283,14178
6544,284,14206
6544,284,14217
6544,284,14239
6544,285,14255
6544,285,14259
6544,285,14269
6544,285,14278
6544,285,14283
6544,285,14299
6544,286,14301
6544,286,14309
6564,34,1722
6564,34,1726
6564,34,1732
6564,35,1754
6564,35,1769
6564,36,1806
6564,36,1807
6564,36,1809
6564,36,1810
6564,36,1815
6564,36,1818
6564,37,1868
6564,37,1877
6564,37,1889
6564,37,1892
6564,38,1911
6564,38,1921
6564,38,1924
6564,38,1927
6564,38,1950
6564,39,1953
6564,39,1964
6564,39,1979
6564,39,1984
6564,50,2501
6564,50,2512
6564,50,2517
6564,50,2521
6564,50,2531
6564,50,2536
6564,50,2543
6564,50,2544
6564,50,2546
6564,50,2547
6564,51,2552
6564,51,2585
6564,51,2587
6564,51,2592
6564,51,2594
6564,52,2603
6564,52,2607
6564,52,2611
6564,52,2625
6564,52,2638
6564,52,2646
6564,53,2652
6564,53,2687
6564,53,2693
6564,53,2697
6544,50,2511
6544,50,2512
6544,50,2516
6544,50,2536
6544,50,2548
6544,51,2551
6544,51,2554
6544,51,2555
6544,51,2556
6544,51,2582
6544,51,2584
6544,51,2590
6544,52,2610
6544,52,2631
6544,52,2638
6544,54,2716
6544,54,2720
6544,54,2724
6544,54,2738
6544,54,2747
6544,55,2759
6544,55,2770
6544,55,2785
6544,55,2790
6544,55,2795
6544,56,2811
6544,56,2832
6544,57,2857
6544,57,2861
6544,57,2892
6544,58,2905
6544,58,2912
6544,58,2932
6544,58,2934
6544,58,2949
6544,59,2957
6544,59,2962
6544,59,2977
6544,59,2995
6544,60,3008
6544,60,3014
6544,60,3015
6508,59,2952
6508,59,2987
6508,60,3010
6508,60,3038
6508,60,3041
6508,60,3043
6508,61,3058
6508,61,3069
6508,61,3079
6508,61,3090
6508,62,3120
6508,62,3146
6508,63,3158
6508,63,3176
6508,63,3177
6508,64,3201
6508,64,3204
6508,64,3207
6508,64,3243
6508,65,3257
6508,65,3269
6508,65,3273
6508,66,3325
6508,66,3335
6508,66,3344
6508,67,3354
6508,67,3372
6508,67,3373
6508,67,3377
6494,50,2503
6494,50,2520
6494,50,2544
6494,51,2555
6494,51,2582
6494,51,2600
6494,52,2617
6494,52,2630
6494,53,2654
6494,53,2680
6494,54,2717
6494,54,2722
6494,54,2731
6494,54,2734
6494,64,3212
6494,64,3218
6494,64,3223
6494,64,3233
6494,64,3234
6494,64,3249
6494,65,3263
6494,65,3276
6494,65,3285
6494,66,3312
6494,66,3313
6494,66,3326
6494,66,3340
6494,66,3343
6494,66,3345
6494,67,3380
6494,67,3385
6494,68,3417
6494,68,3422
6494,68,3434
6494,68,3440
6494,68,3445
6494,68,3449
6481,8,409
6481,8,411
6481,8,413
6481,8,414
6481,8,423
6481,8,438
6481,9,456
6481,9,457
6481,9,468
6481,9,471
6481,9,488
6481,9,493
6481,10,527
6481,10,542
6481,11,554
6481,11,562
6481,11,567
6481,11,578
6481,11,585
6481,12,604
6481,12,615
6481,12,641
6481,12,650
6481,13,655
6481,13,656
6481,13,675
6481,13,678
6481,13,679
6481,14,707
6481,14,713
6481,14,730
6481,14,747
6481,15,752
6481,15,753
6481,15,758
6481,15,765
6481,15,769
6481,15,782
6481,15,788
6481,16,831
6481,17,864
6481,17,889
6481,17,890
6481,17,896
6565,0,32
6565,0,39
6565,1,80
6565,1,82
6565,2,141
6565,2,149
6565,3,166
6565,3,173
6565,3,187
6565,3,193
6565,3,194
6565,3,197
6565,4,201
6565,4,225
6565,4,231
6565,4,233
6565,4,234
6565,5,261
6565,5,284
6565,5,290
6565,5,299
6565,6,309
6565,6,317
6565,6,324
6565,6,337
6565,7,377
6565,7,379
6565,7,382
6565,7,399
6565,8,405
6565,8,409
6565,8,415
6565,8,421
6565,8,423
6565,8,426
6565,9,492
6544,307,15351
6544,307,15352
6544,307,15357
6544,307,15358
6544,307,15368
6544,307,15370
6544,307,15378
6544,307,15381
6544,307,15391
6544,308,15403
6544,308,15419
6544,308,15436
6544,308,15449
6544,309,15462
6544,309,15464
6544,309,15467
6544,309,15472
6544,309,15474
6544,309,15476
6544,309,15492
6544,309,15499
6544,310,15511
6544,310,15515
6544,310,15519
6544,310,15535
6544,310,15536
6544,310,15541
6544,311,15551
6544,311,15554
6544,311,15573
6544,311,15580
6544,311,15584
6544,311,15596
6544,311,15597
6544,311,15598
6544,312,15612
6544,312,15635
6544,313,15663
6544,313,15668
6544,313,15690
6544,313,15699
6544,314,15726
6544,314,15728
6544,314,15738
6544,314,15739
6544,315,15763
6544,315,15764
6544,315,15771
6544,316,15823
6544,316,15830
6544,316,15831
6544,316,15840
6544,316,15841
6544,316,15848
6510,5,266
6510,5,285
6510,5,300
6510,6,304
6510,6,312
6510,6,313
6510,6,322
6510,6,328
6510,9,453
6510,9,467
6510,9,469
6510,9,470
6510,9,480
6510,9,481
6510,9,487
6510,9,494
6510,10,517
6510,10,528
6510,10,541
6510,10,542
6510,10,549
6510,13,671
6510,13,688
6510,13,694
6510,14,706
6510,14,732
6510,14,738
6510,14,749
6510,17,856
6510,17,892
6510,17,894
6510,18,905
6510,18,925
6510,18,929
6510,18,930
6510,18,937
6510,18,950
6510,21,1061
6510,21,1073
6510,21,1074
6510,21,1091
6510,22,1108
6510,22,1139
6510,22,1145
6544,230,11502
6544,230,11503
6544,230,11507
6544,230,11512
6544,230,11534
6544,230,11539
6544,230,11540
6544,231,11575
6544,231,11580
6544,231,11592
6544,232,11605
6544,232,11614
6544,232,11637
6544,232,11649
6544,233,11651
6544,233,11670
6544,233,11684
6544,234,11706
6544,236,11803
6544,236,11807
6544,236,11826
6544,236,11843
6544,236,11845
6544,237,11854
6544,237,11856
6544,237,11869
6544,237,11881
6544,237,11892
6544,237,11899
6544,237,11900
6544,238,11914
6544,238,11940
6544,239,11951
6544,239,11952
6544,239,11978
6544,239,11990
6544,239,11997
6544,239,11999
6544,240,12026
6544,240,12035
6544,240,12037
6544,240,12038
6487,94,4707
6487,94,4708
6487,94,4742
6487,94,4746
6487,99,4987
6487,99,4998
6487,103,5153
6487,103,5166
6487,103,5176
6487,103,5197
6487,103,5199
6487,107,5352
6487,107,5367
6487,107,5376
6487,107,5386
6487,107,5389
6487,107,5397
6487,107,5400
6542,52,2607
6542,52,2620
6542,52,2637
6542,52,2642
6542,52,2647
6542,53,2674
6542,53,2678
6542,53,2694
6542,53,2697
6542,54,2702
6542,54,2706
6542,54,2708
6542,54,2720
6542,54,2731
6542,54,2735
6542,54,2743
6542,54,2745
6542,54,2747
6542,54,2748
6542,55,2752
6542,55,2762
6542,55,2773
6542,55,2774
6542,55,2787
6542,56,2802
6542,56,2803
6542,56,2804
6542,56,2820
6542,56,2822
6542,56,2823
6542,56,2834
6542,57,2855
6542,57,2861
6542,57,2868
6542,57,2887
6542,57,2893
6542,58,2903
6542,58,2904
6542,58,2906
6542,58,2908
6542,58,2929
6542,59,2956
6542,59,2980
6542,59,2985
6542,59,3000
6542,60,3009
6542,60,3012
6542,60,3013
6542,60,3015
6542,60,3017
6542,60,3033
6542,60,3035
6542,60,3037
6542,60,3049
6542,61,3078
6542,61,3089
6542,61,3094
6542,61,3099
6527,44,2202
6527,44,2205
6527,44,2227
6527,44,2234
6527,44,2249
6527,45,2256
6527,45,2262
6527,45,2264
6527,45,2268
6527,45,2276
6527,45,2277
6527,45,2293
6527,46,2307
6527,46,2318
6527,46,2325
6527,46,2337
6527,46,2349
6527,47,2356
6527,47,2357
6527,47,2373
6527,47,2390
6527,48,2422
6527,48,2447
6527,49,2476
6527,49,2482
6527,49,2494
6527,99,4952
6527,99,4954
6527,99,4965
6527,99,4969
6527,99,4974
6527,99,4978
6527,100,5045
6527,101,5058
6527,101,5060
6527,101,5070
6527,101,5073
6527,101,5090
6527,102,5102
6527,102,5116
6527,102,5142
6542,235,11751
6542,235,11753
6542,235,11764
6542,236,11808
6542,236,11830
6542,236,11835
6542,236,11846
6542,236,11848
6542,237,11852
6542,237,11865
6542,237,11868
6542,237,11890
6542,237,11895
6542,238,11908
6542,238,11910
6542,238,11911
6542,238,11912
6542,238,11916
6542,238,11926
6542,238,11935
6542,238,11943
6542,239,11959
6542,239,11962
6542,239,11968
6542,239,11984
6542,239,11994
6542,239,11997
6542,240,12035
6542,241,12055
6542,241,12056
6542,241,12058
6542,241,12064
6542,242,12102
6542,242,12107
6542,242,12118
6542,242,12126
6542,242,12127
6542,242,12135
6542,242,12137
6542,242,12142
6542,242,12149
6542,242,12150
6542,243,12178
6542,243,12190
6542,243,12198
6548,84,4202
6548,84,4203
6548,84,4208
6548,84,4225
6548,84,4227
6548,84,4235
6548,84,4237
6548,84,4240
6548,84,4243
6548,85,4253
6548,85,4276
6548,85,4279
6548,85,4284
6548,85,4297
6548,86,4309
6548,86,4321
6548,87,4353
6548,87,4354
6548,87,4358
6548,87,4367
6548,87,4380
6548,88,4406
6548,88,4408
6548,88,4410
6548,88,4419
6548,89,4475
6548,89,4476
6548,90,4546
6548,90,4550
6548,91,4560
6548,91,4563
6548,91,4564
6548,91,4565
6548,91,4573
6548,91,4578
6548,91,4591
6548,91,4596
6548,92,4609
6548,92,4640
6548,92,4646
6548,93,4655
6548,93,4676
6548,93,4683
6548,93,4684
6548,93,4685
6548,93,4691
6497,64,3213
6497,64,3214
6497,64,3220
6497,64,3236
6497,65,3252
6497,65,3266
6497,65,3268
6497,65,3288
6497,65,3296
6497,66,3307
6497,66,3349
6497,67,3400
6497,68,3403
6497,68,3404
6497,68,3406
6497,68,3416
6497,68,3422
6497,68,3432
6497,68,3438
6497,68,3445
6497,68,3446
6497,69,3456
6497,69,3468
6497,69,3496
6497,70,3506
6497,70,3507
6497,70,3521
6497,70,3525
6497,70,3539
6497,71,3565
6497,71,3566
6497,71,3570
6497,71,3582
6497,71,3599
6497,72,3623
6497,72,3639
6497,72,3646
6497,73,3658
6497,73,3659
6497,73,3660
6497,73,3666
6497,73,3679
6497,73,3690
6544,0,12
6544,0,14
6544,0,24
6544,0,33
6544,0,35
6544,0,38
6544,0,44
6544,1,68
6544,1,74
6544,1,98
6544,2,101
6544,2,110
6544,2,114
6544,2,119
6544,3,152
6544,3,153
6544,3,194
6544,4,217
6544,4,225
6544,4,229
6544,4,237
6544,4,241
6544,4,247
6544,5,260
6544,5,264
6544,5,270
6544,5,274
6544,5,276
6544,5,281
6544,6,311
6544,7,354
6544,7,357
6544,7,358
6544,7,362
6544,7,390
6544,8,407
6544,8,419
6544,8,430
6544,8,437
6544,8,448
6544,9,465
6544,9,478
6544,9,496
6497,114,5705
6497,114,5715
6497,114,5734
6497,115,5771
6497,115,5777
6497,115,5788
6497,115,5799
6497,115,5800
6497,116,5801
6497,116,5805
6497,116,5825
6497,116,5836
6497,116,5837
6497,116,5838
6497,117,5861
6497,117,5866
6497,117,5882
6497,117,5887
6497,118,5912
6497,118,5922
6497,119,5964
6497,119,5974
6497,119,5978
6497,120,6010
6497,120,6011
6497,120,6013
6497,120,6028
6497,120,6033
6497,120,6035
6497,121,6069
6497,121,6075
6497,121,6094
6497,121,6100
6497,122,6101
6497,122,6113
6497,122,6119
6497,122,6146
6497,123,6195
6507,0,9
6507,0,10
6507,0,28
6507,0,31
6507,0,44
6507,0,46
6507,3,167
6507,3,187
6507,3,192
6507,4,203
6507,4,211
6507,4,232
6507,7,359
6507,7,369
6507,7,379
6507,7,398
6507,8,404
6507,8,410
6507,8,434
6507,8,444
6507,10,503
6507,10,518
6507,10,521
6507,10,539
6507,11,579
6507,12,609
6507,12,629
6507,15,753
6507,15,754
6507,15,769
6507,15,778
6507,15,791
6507,15,793
6507,15,800
6507,16,811
6507,16,816
6507,16,821
6507,16,823
6507,16,824
6507,16,825
6507,16,830
6507,16,833
6534,31,1553
6534,31,1558
6534,31,1562
6534,31,1568
6534,31,1577
6534,31,1596
6534,32,1602
6534,32,1619
6534,32,1620
6534,32,1623
6534,32,1629
6534,32,1641
6534,33,1672
6534,33,1679
6534,33,1685
6534,33,1692
6534,34,1710
6534,34,1714
6534,34,1727
6534,34,1736
6534,35,1756
6534,35,1760
6534,35,1766
6534,35,1797
6534,36,1830
6534,36,1836
6534,37,1874
6534,37,1899
6534,38,1910
6534,38,1916
6534,38,1935
6534,38,1936
6534,39,1955
6534,39,1965
6534,39,1968
6534,39,1985
6534,39,1992
6534,40,2002
6534,40,2008
6534,40,2010
6534,40,2040
6544,92,4632
6544,92,4637
6544,93,4655
6544,93,4665
6544,93,4695
6544,94,4732
6544,94,4749
6544,95,4756
6544,95,4761
6544,95,4770
6544,95,4775
6544,95,4787
6544,95,4788
6544,95,4798
6544,95,4800
6544,96,4802
6544,96,4808
6544,96,4811
6544,96,4814
6544,96,4818
6544,96,4821
6544,96,4822
6544,96,4823
6544,96,4826
6544,96,4843
6544,97,4879
6544,97,4892
6544,99,4951
6544,99,4972
6544,100,5003
6544,100,5008
6544,100,5031
6544,100,5047
6544,101,5063
6544,101,5069
6544,101,5076
6544,101,5091
6544,103,5157
6544,103,5168
6544,103,5172
6544,103,5174
6551,138,6921
6551,138,6924
6551,139,6952
6551,139,6962
6551,139,6963
6551,139,6978
6551,140,7010
6551,140,7027
6551,141,7060
6551,141,7066
6551,141,7086
6551,141,7093
6551,142,7104
6551,142,7113
6551,142,7116
6551,142,7124
6551,142,7128
6551,142,7133
6551,142,7150
6551,143,7171
6551,143,7191
6551,143,7198
6551,144,7203
6551,144,7217
6551,144,7238
6551,144,7243
6551,145,7256
6551,146,7307
6551,146,7323
6551,147,7353
6551,147,7369
6494,37,1856
6494,37,1861
6494,37,1869
6494,37,1883
6494,37,1885
6494,37,1889
6494,38,1926
6494,38,1942
6494,38,1945
6494,39,1952
6494,39,1967
6494,39,1989
6494,40,2001
6494,40,2011
6494,40,2013
6494,40,2018
6494,40,2030
6494,40,2045
6494,41,2051
6494,41,2067
6494,41,2071
6494,41,2077
6494,41,2078
6494,41,2092
6494,42,2111
6494,42,2122
6494,42,2136
6494,43,2174
6494,43,2175
6494,43,2178
6494,43,2182
6494,43,2200
6494,44,2214
6494,44,2219
6494,44,2225
6494,45,2261
6494,45,2266
6494,45,2268
6494,45,2287
6494,45,2295
6494,46,2311
6494,46,2336
6494,46,2343
6494,46,2349
6544,129,6469
6544,129,6486
6544,129,6491
6544,130,6501
6544,130,6519
6544,130,6545
6544,130,6550
6544,131,6596
6544,132,6611
6544,132,6615
6544,132,6632
6544,133,6656
6544,133,6662
6544,133,6699
6544,134,6704
6544,134,6709
6544,134,6715
6544,134,6729
6544,134,6734
6544,135,6751
6544,135,6754
6544,135,6758
6544,135,6762
6544,135,6775
6544,135,6795
6544,137,6861
6544,137,6864
6544,137,6873
6544,137,6885
6544,137,6888
6544,138,6906
6544,138,6934
6544,138,6935
6544,138,6944
6544,139,6955
6527,15,754
6527,15,770
6527,15,792
6527,16,808
6527,16,835
6527,17,851
6527,17,861
6527,17,865
6527,17,866
6527,17,895
6527,18,907
6527,18,921
6527,18,924
6527,18,946
6527,19,958
6527,19,962
6527,19,967
6527,20,1016
6527,20,1017
6527,21,1065
6527,21,1072
6527,21,1073
6527,21,1082
6527,21,1084
6527,22,1121
6527,22,1137
6527,22,1147
6527,23,1157
6527,23,1170
6527,23,1180
6527,23,1194
6527,24,1211
6527,24,1212
6527,24,1217
6527,24,1223
6527,24,1228
6527,24,1239
6527,24,1246
6542,72,3606
6542,72,3607
6542,72,3615
6542,72,3617
6542,72,3627
6542,72,3636
6542,72,3649
6542,73,3651
6542,73,3674
6542,74,3717
6542,74,3720
6542,74,3729
6542,75,3769
6542,75,3776
6542,75,3796
6542,75,3798
6542,76,3808
6542,76,3827
6542,76,3838
6542,76,3843
6542,76,3848
6542,77,3858
6542,77,3871
6542,77,3880
6542,77,3892
6542,78,3936
6542,79,3956
6542,79,3965
6542,79,3995
6542,80,4007
6542,80,4010
6542,80,4021
6542,81,4056
6542,81,4059
6542,81,4067
6542,81,4093
6542,81,4094
6489,57,2878
6489,57,2884
6489,58,2907
6489,58,2920
6489,58,2925
6489,59,2962
6489,59,2966
6489,59,2969
6489,59,2971
6489,59,2985
6489,60,3035
6489,60,3041
6489,61,3072
6489,61,3077
6489,61,3086
6489,62,3131
6489,62,3134
6489,62,3137
6489,62,3146
6489,63,3166
6489,63,3171
6489,63,3180
6489,63,3189
6489,64,3227
6489,64,3236
6489,64,3241
6489,65,3259
6489,65,3272
6489,65,3276
6489,65,3288
6489,65,3290
6489,65,3291
6489,66,3308
6489,66,3335
6489,66,3342
6529,39,1982
6529,40,2012
6529,40,2013
6529,41,2070
6529,41,2084
6529,42,2124
6529,42,2125
6529,42,2141
6529,43,2175
6529,43,2179
6529,43,2195
6529,44,2210
6529,44,2221
6529,44,2227
6529,44,2235
6529,44,2241
6529,44,2248
6529,46,2310
6529,46,2323
6529,46,2328
6529,46,2330
6529,46,2331
6529,107,5351
6529,107,5358
6529,107,5384
6529,107,5387
6529,107,5399
6529,109,5457
6529,109,5475
6630,64,3201
6630,64,3228
6630,65,3286
6630,65,3298
6630,66,3304
6630,66,3309
6630,66,3332
6630,67,3362
6630,67,3389
6630,68,3408
6630,68,3442
6630,69,3453
6630,69,3459
6630,69,3471
6630,69,3473
6630,69,3485
6630,69,3496
6630,70,3503
6630,70,3507
6630,71,3556
6630,81,4065
6630,81,4069
6630,82,4122
6528,1,54
6528,1,59
6528,1,65
6528,1,73
6528,1,75
6528,1,82
6528,2,118
6528,2,122
6528,2,125
6528,2,131
6528,3,169
6528,3,179
6528,3,181
6528,3,195
6528,5,261
6528,5,263
6528,5,297
6528,6,316
6528,6,317
6528,6,318
6528,6,332
6528,8,403
6528,8,421
6528,8,424
6528,8,447
6528,9,500
6528,64,3204
6528,64,3206
6528,64,3213
6528,64,3249
6528,68,3412
6528,68,3417
6528,68,3423
6528,68,3444
6544,256,12805
6544,256,12822
6544,256,12848
6544,257,12855
6544,257,12864
6544,257,12881
6544,257,12890
6544,257,12896
6544,258,12913
6544,258,12938
6544,259,12960
6544,259,12965
6544,259,12968
6544,259,12976
6544,259,12992
6544,259,13000
6544,260,13009
6544,260,13014
6544,260,13032
6544,260,13035
6544,260,13049
6544,261,13051
6544,261,13079
6544,261,13080
6544,261,13081
6544,261,13082
6544,261,13089
6544,261,13090
6544,262,13101
6544,262,13120
6544,262,13125
6544,262,13126
6544,262,13128
6544,262,13134
6544,262,13143
6544,262,13148
6544,263,13162
6544,264,13206
6544,265,13253
6544,265,13275
6544,265,13297
6544,265,13298
6528,148,7404
6528,148,7406
6528,148,7407
6528,148,7413
6528,148,7424
6528,148,7425
6528,148,7426
6528,148,7445
6528,148,7447
6528,149,7458
6528,149,7466
6528,149,7477
6528,149,7482
6528,149,7485
6528,150,7504
6528,150,7506
6528,150,7511
6528,150,7524
6528,150,7526
6528,150,7533
6528,150,7538
6528,150,7545
6528,151,7587
6528,151,7596
6528,152,7609
6528,152,7624
6528,152,7625
6528,152,7644
6528,153,7663
6528,153,7667
6528,153,7668
6528,153,7672
6528,153,7678
6528,153,7679
6528,153,7680
6528,153,7685
6528,153,7690
6528,155,7778
6528,155,7782
6528,156,7809
6528,156,7821
6528,156,7826
6528,156,7828
6528,156,7829
6528,156,7841
6528,156,7847
6528,157,7860
6528,157,7863
6528,157,7867
6528,157,7883
6528,157,7885
6528,157,7890
6528,157,7892
6528,157,7895
6565,109,5452
6565,109,5454
6565,109,5459
6565,109,5481
6565,109,5484
6565,110,5517
6565,110,5534
6565,110,5535
6565,110,5550
6565,111,5560
6565,111,5562
6565,111,5581
6565,111,5591
6565,111,5592
6565,111,5594
6565,112,5608
6565,112,5615
6565,112,5618
6565,113,5665
6565,113,5668
6565,113,5676
6565,113,5680
6565,113,5687
6565,114,5705
6565,114,5715
6565,114,5717
6565,114,5718
6565,114,5725
6565,114,5731
6565,114,5732
6565,114,5749
6565,115,5769
6565,115,5773
6565,115,5776
6565,115,5783
6565,115,5791
6565,116,5810
6565,116,5841
6565,116,5849
6565,117,5871
6565,117,5872
6565,117,5874
6565,117,5885
6565,117,5888
6565,117,5890
6565,118,5915
6506,20,1005
6506,20,1016
6506,20,1019
6506,20,1037
6506,20,1046
6506,21,1063
6506,21,1064
6506,22,1106
6506,24,1205
6506,24,1217
6506,24,1220
6506,24,1235
6506,25,1258
6506,25,1299
6506,26,1310
6506,26,1349
6506,28,1402
6506,28,1403
6506,28,1410
6506,28,1430
6506,28,1432
6506,28,1433
6506,28,1444
6506,28,1445
6506,29,1468
6506,29,1486
6506,29,1491
6506,30,1501
6506,30,1516
6506,30,1530
6506,30,1549
6506,32,1601
6506,32,1604
6506,32,1609
6506,32,1643
6494,27,1361
6494,27,1366
6494,27,1374
6494,27,1378
6494,27,1390
6494,27,1400
6494,28,1402
6494,28,1411
6494,28,1423
6494,28,1438
6494,28,1439
6494,28,1441
6494,28,1447
6494,29,1467
6494,29,1479
6494,29,1481
6494,30,1510
6494,30,1526
6494,30,1536
6494,30,1543
6494,31,1561
6494,31,1564
6494,31,1573
6494,31,1585
6494,31,1590
6494,31,1591
6494,32,1605
6494,32,1620
6494,32,1626
6494,32,1635
6494,32,1644
6494,32,1647
6494,32,1648
6494,33,1658
6494,33,1659
6494,33,1678
6494,33,1681
6494,33,1683
6494,33,1700
6494,34,1735
6494,34,1742
6494,35,1773
6494,36,1816
6521,101,5054
6521,101,5066
6521,103,5162
6521,103,5175
6521,103,5185
6521,104,5201
6521,104,5206
6521,104,5208
6521,104,5209
6521,104,5234
6521,104,5239
6521,104,5249
6521,105,5255
6521,105,5276
6521,105,5277
6521,105,5278
6521,107,5359
6521,107,5397
6521,108,5413
6521,108,5421
6521,108,5425
6521,108,5443
6521,108,5446
6521,108,5449
6521,109,5452
6521,109,5472
6521,109,5494
6521,109,5499
6521,111,5570
6521,111,5571
6521,111,5581
6521,111,5593
6521,112,5644
6521,113,5653
6521,113,5668
6502,21,1070
6502,21,1089
6502,21,1092
6502,21,1096
6502,22,1111
6502,22,1114
6502,22,1139
6502,23,1161
6502,23,1162
6502,23,1167
6502,23,1173
6502,23,1194
6502,23,1200
6502,24,1213
6502,24,1237
6502,24,1247
6502,25,1268
6502,25,1274
6502,25,1290
6502,25,1291
6502,25,1296
6502,26,1310
6502,26,1315
6502,26,1316
6502,26,1332
6502,27,1366
6502,27,1370
6502,28,1402
6502,28,1417
6502,28,1420
6502,28,1421
6502,28,1435
6502,29,1453
6502,29,1466
6502,29,1486
6502,30,1504
6502,30,1529
6497,8,405
6497,8,421
6497,8,428
6497,8,439
6497,8,446
6497,9,453
6497,9,484
6497,9,500
6497,45,2259
6497,45,2265
6497,45,2267
6497,45,2275
6497,45,2284
6497,45,2286
6497,45,2297
6497,45,2298
6497,46,2308
6497,46,2316
6497,46,2342
6497,46,2350
6497,47,2366
6497,47,2370
6497,47,2378
6497,48,2419
6497,48,2421
6497,48,2423
6497,48,2429
6497,48,2433
6497,48,2438
6497,49,2467
6497,49,2472
6497,49,2487
6497,49,2490
6497,49,2494
6497,49,2498
6497,50,2506
6497,50,2519
6497,50,2530
6497,50,2542
6542,215,10758
6542,215,10766
6542,215,10786
6542,215,10793
6542,215,10796
6542,215,10800
6542,216,10807
6542,216,10820
6542,216,10823
6542,216,10833
6542,217,10860
6542,217,10866
6542,217,10872
6542,217,10877
6542,217,10898
6542,217,10900
6542,218,10910
6542,218,10919
6542,218,10933
6542,218,10942
6542,218,10944
6542,219,10951
6542,219,10969
6542,219,10984
6542,219,10986
6542,220,11002
6542,220,11006
6542,220,11022
6542,220,11032
6542,220,11038
6542,220,11042
6542,220,11044
6542,221,11059
6542,221,11074
6542,221,11077
6542,221,11087
6542,222,11120
6542,222,11129
6542,222,11139
6542,222,11145
6542,222,11150
6542,223,11167
6542,223,11168
6542,224,11221
6542,224,11228
6542,224,11229
6542,224,11242
6542,224,11244
6528,84,4203
6528,84,4217
6528,84,4219
6528,84,4221
6528,84,4227
6528,84,4234
6528,84,4248
6528,85,4261
6528,85,4273
6528,86,4342
6528,87,4357
6528,87,4361
6528,87,4395
6528,87,4396
6528,88,4404
6528,88,4425
6528,89,4456
6528,89,4485
6528,90,4514
6528,90,4531
6528,90,4539
6528,90,4544
6528,90,4545
6528,90,4546
6528,91,4557
6528,91,4562
6528,91,4567
6528,91,4576
6528,91,4580
6528,91,4597
6528,158,7940
6528,159,7956
6528,159,7957
6528,159,7980
6528,159,7983
6497,0,24
6497,1,52
6497,1,53
6497,1,66
6497,2,128
6497,2,136
6497,2,148
6497,2,150
6497,3,175
6497,3,184
6497,3,197
6497,4,206
6497,4,212
6497,4,216
6497,4,218
6497,4,219
6497,4,220
6497,4,227
6497,4,231
6497,4,233
6497,4,235
6497,5,270
6497,5,281
6497,5,284
6497,6,320
6497,6,321
6497,6,327
6497,6,328
6497,6,329
6497,6,345
6497,6,348
6497,6,349
6497,7,353
6497,7,375
6497,7,377
6497,7,389
6497,16,801
6497,16,815
6497,16,837
6497,16,839
6497,17,863
6497,17,870
6497,17,883
6497,17,887
6497,17,892
6497,17,896
6681,40,2001
6681,40,2025
6681,40,2045
6681,41,2065
6681,41,2088
6681,41,2093
6681,41,2095
6681,41,2100
6681,42,2106
6681,42,2118
6681,43,2154
6681,43,2170
6681,43,2188
6681,44,2203
6681,44,2205
6681,44,2214
6681,44,2216
6681,44,2250
6681,45,2256
6681,45,2271
6681,45,2288
6681,45,2300
6681,46,2310
6681,46,2326
6681,46,2337
6681,46,2343
6681,46,2350
6681,47,2358
6681,47,2375
6681,47,2379
6681,47,2387
6681,47,2395
6681,48,2443
6681,49,2455
6681,49,2458
6681,49,2467
6681,49,2485
6542,92,4607
6542,92,4629
6542,92,4637
6542,92,4645
6542,93,4653
6542,93,4654
6542,93,4665
6542,93,4674
6542,93,4678
6542,93,4682
6542,93,4683
6542,94,4707
6542,94,4709
6542,94,4719
6542,94,4721
6542,94,4726
6542,94,4739
6542,94,4748
6542,94,4749
6542,95,4766
6542,95,4791
6542,96,4803
6542,96,4804
6542,96,4814
6542,96,4831
6542,96,4833
6542,96,4838
6542,97,4865
6542,97,4886
6542,97,4893
6542,97,4900
6542,98,4933
6542,98,4936
6542,99,4953
6542,99,4962
6542,99,4981
6542,99,4987
6542,99,4998
6542,100,5002
6542,100,5005
6542,100,5012
6542,100,5018
6542,100,5019
6542,100,5037
6542,100,5046
6542,101,5051
6542,101,5054
6542,101,5055
6542,101,5076
6542,101,5077
6542,101,5092
6520,0,9
6520,0,30
6520,0,34
6520,0,45
6520,0,50
6520,1,53
6520,1,57
6520,1,72
6520,1,78
6520,1,83
6520,1,91
6520,2,102
6520,2,105
6520,2,125
6520,2,128
6520,2,137
6520,2,144
6520,2,150
6520,3,152
6520,3,178
6520,3,191
6520,3,195
6520,4,222
6520,4,249
6520,5,278
6520,5,281
6520,5,286
6520,5,298
6520,6,324
6520,6,325
6520,6,338
6520,7,355
6520,7,357
6520,7,372
6520,7,389
6520,7,392
6520,7,394
6520,8,401
6520,8,430
6520,8,436
6520,8,442
6520,8,444
6520,9,453
6520,9,471
6520,9,500
6680,13,656
6680,13,677
6680,13,678
6680,13,685
6680,13,698
6680,14,728
6680,14,749
6680,15,756
6680,15,766
6680,15,780
6680,15,786
6680,15,800
6680,16,815
6680,17,856
6680,17,865
6680,17,869
6680,18,907
6680,18,911
6680,18,920
6680,19,970
6680,19,998
6680,50,2501
6680,50,2504
6680,50,2519
6680,50,2544
6680,51,2568
6680,51,2569
6680,51,2573
6680,51,2581
6680,51,2595
6680,52,2602
6680,52,2612
6680,52,2615
6680,52,2619
6680,52,2632
6493,108,5405
6493,108,5428
6493,108,5429
6493,108,5435
6493,108,5450
6493,109,5452
6493,109,5485
6493,110,5503
6493,110,5516
6493,110,5525
6493,110,5528
6493,111,5567
6493,111,5596
6493,112,5607
6493,112,5610
6493,112,5612
6493,112,5625
6493,112,5632
6493,112,5635
6493,113,5659
6493,113,5666
6493,113,5670
6493,113,5673
6493,113,5678
6493,113,5690
6493,113,5691
6493,113,5697
6493,114,5709
6493,114,5713
6493,114,5718
6493,114,5728
6493,114,5747
6493,115,5766
6493,115,5770
6493,115,5794
6493,116,5803
6493,116,5812
6493,116,5814
6493,116,5820
6493,116,5822
6493,116,5828
6493,116,5832
6493,117,5864
6493,117,5873
6493,117,5880
6559,10,514
6559,10,527
6559,10,539
6559,11,559
6559,11,564
6559,11,565
6559,11,578
6559,12,622
6559,12,635
6559,12,637
6559,13,670
6559,13,671
6559,13,690
6559,13,691
6559,13,695
6559,14,709
6559,14,711
6559,14,723
6559,14,724
6559,14,727
6559,14,728
6559,14,731
6559,14,746
6559,15,760
6559,15,768
6559,15,787
6559,15,796
6559,16,804
6559,16,814
6559,16,828
6559,16,833
6559,16,850
6559,17,900
6559,49,2462
6559,49,2471
6559,49,2488
6559,50,2512
6559,50,2519
6559,50,2536
6559,50,2538
6559,50,2543
6493,71,3579
6493,71,3590
6493,72,3606
6493,72,3608
6493,73,3662
6493,73,3687
6493,73,3690
6493,74,3729
6493,74,3734
6493,74,3738
6493,74,3742
6493,75,3751
6493,75,3795
6493,76,3801
6493,76,3820
6493,76,3823
6493,76,3834
6493,76,3837
6493,76,3843
6493,77,3854
6493,77,3863
6493,77,3879
6493,78,3905
6493,78,3912
6493,78,3921
6493,78,3924
6493,78,3949
6493,79,3952
6493,79,3953
6493,79,3960
6493,79,3969
6493,79,3996
6493,80,4006
6493,80,4009
6493,80,4017
6493,80,4034
6562,99,4951
6562,99,4958
6562,99,4965
6562,99,4991
6562,100,5008
6562,100,5011
6562,100,5012
6562,100,5016
6562,100,5017
6562,100,5048
6562,111,5551
6562,111,5578
6562,111,5582
6562,111,5590
6562,112,5613
6562,112,5614
6562,112,5617
6562,112,5625
6562,112,5631
6562,112,5642
6562,112,5649
6562,113,5651
6562,113,5658
6562,113,5667
6562,113,5669
6562,113,5700
6562,114,5748
6562,115,5759
6562,115,5771
6562,115,5794
6562,116,5818
6562,116,5840
6562,117,5865
6562,117,5878
6562,117,5879
6562,117,5887
6562,117,5896
6562,118,5907
6562,118,5916
6544,209,10457
6544,209,10458
6544,209,10459
6544,209,10485
6544,209,10486
6544,210,10533
6544,210,10536
6544,210,10543
6544,211,10553
6544,211,10554
6544,211,10559
6544,211,10561
6544,211,10564
6544,211,10580
6544,211,10593
6544,212,10611
6544,212,10612
6544,212,10623
6544,212,10631
6544,212,10641
6544,212,10642
6544,213,10675
6544,213,10676
6544,215,10751
6544,215,10755
6544,215,10760
6544,215,10783
6544,215,10784
6544,215,10795
6544,215,10796
6544,216,10813
6544,216,10818
6544,216,10833
6544,216,10845
6544,216,10850
6544,217,10866
6544,217,10874
6544,217,10883
6544,217,10899
6544,218,10904
6544,218,10908
6544,218,10910
6544,218,10915
6544,218,10927
6544,218,10932
6544,218,10933
6544,219,10953
6544,219,10959
6544,219,10960
6544,219,10967
6544,219,10973
6544,219,10998
6551,35,1753
6551,35,1768
6551,35,1775
6551,35,1776
6551,35,1783
6551,35,1787
6551,35,1800
6551,36,1829
6551,36,1837
6551,36,1847
6551,37,1855
6551,37,1859
6551,37,1872
6551,37,1880
6551,38,1914
6551,38,1917
6551,38,1919
6551,38,1924
6551,38,1948
6551,39,1952
6551,40,2006
6551,40,2008
6551,40,2023
6551,40,2030
6551,40,2033
6551,41,2055
6551,41,2068
6551,41,2077
6551,41,2085
6551,42,2107
6551,42,2111
6551,42,2112
6551,42,2143
6551,42,2144
6551,42,2149
6551,43,2157
6551,43,2158
6551,43,2167
6551,43,2178
6551,44,2207
6551,44,2231
6551,44,2244
6551,44,2247
6503,34,1702
6503,34,1719
6503,34,1724
6503,34,1743
6503,35,1756
6503,35,1759
6503,35,1789
6503,36,1801
6503,36,1839
6503,37,1862
6503,37,1869
6503,37,1874
6503,37,1887
6503,37,1892
6503,37,1894
6503,37,1899
6503,38,1901
6503,38,1906
6503,38,1912
6503,38,1928
6503,38,1930
6503,38,1932
6503,38,1933
6503,38,1940
6503,38,1949
6503,39,1951
6503,39,1952
6503,39,1953
6503,39,1954
6503,39,1963
6503,39,1964
6503,39,1973
6503,39,1992
6503,40,2006
6503,40,2017
6503,40,2045
6503,41,2070
6503,41,2071
6503,41,2085
6503,41,2086
6503,42,2106
6503,42,2109
6503,42,2117
6503,42,2124
6503,43,2172
6503,43,2193
6503,43,2195
6406,57,2863
6406,57,2873
6406,57,2874
6406,57,2881
6406,57,2882
6406,58,2915
6406,58,2920
6560,22,1112
6560,22,1116
6560,22,1128
6560,22,1136
6560,22,1138
6560,23,1153
6560,23,1157
6560,23,1159
6560,23,1162
6560,23,1174
6560,23,1178
6560,24,1244
6560,25,1266
6560,25,1285
6560,25,1287
6560,25,1293
6560,27,1357
6560,27,1359
6560,27,1377
6560,27,1391
6560,28,1411
6560,28,1418
6560,28,1439
6560,28,1446
6560,28,1450
6560,29,1483
6560,29,1493
6560,29,1498
6560,30,1533
6560,65,3254
6560,65,3256
6560,65,3273
6560,65,3280
6560,65,3300
6583,16,821
6583,17,875
6583,17,888
6583,18,910
6583,18,911
6583,18,930
6583,18,935
6583,18,941
6583,19,971
6583,19,990
6583,20,1014
6583,21,1068
6583,21,1077
6583,21,1095
6583,21,1099
6583,23,1190
6583,24,1228
6583,24,1237
6583,24,1239
6583,25,1267
6583,25,1274
6493,118,5907
6493,118,5913
6493,118,5917
6493,118,5946
6493,119,5951
6493,119,5959
6493,119,5989
6493,119,5994
6493,120,6009
6493,120,6031
6493,120,6035
6493,120,6050
6493,121,6060
6493,121,6063
6493,121,6092
6493,122,6103
6493,122,6126
6493,122,6148
6493,122,6150
6493,123,6174
6493,123,6185
6493,123,6187
6493,123,6198
6493,124,6224
6493,124,6227
6493,124,6234
6493,124,6236
6493,124,6238
6493,124,6248
6493,125,6251
6493,125,6252
6493,125,6257
6493,125,6258
6493,125,6267
6493,125,6269
6493,125,6273
6493,125,6286
6493,125,6291
6493,125,6294
6493,125,6297
6493,126,6303
6493,126,6307
6493,126,6315
6676,135,6757
6676,135,6772
6676,135,6779
6676,135,6795
6676,136,6809
6676,136,6823
6676,136,6839
6676,136,6843
6676,137,6861
6676,137,6886
6676,137,6892
6676,138,6917
6676,138,6927
6676,138,6928
6676,138,6938
6676,139,6959
6676,139,6970
6676,139,6974
6676,139,6989
6676,140,7023
6676,140,7049
6676,141,7080
6676,141,7097
6676,142,7103
6676,142,7141
6676,142,7149
6676,143,7152
6676,143,7188
6676,143,7191
6676,144,7229
6676,144,7242
6676,144,7247
6494,17,855
6494,17,866
6494,18,950
6494,19,969
6494,19,991
6494,19,996
6494,20,1003
6494,20,1005
6494,20,1016
6494,20,1020
6494,20,1045
6494,21,1053
6494,21,1062
6494,21,1073
6494,21,1090
6494,21,1093
6494,22,1114
6494,22,1125
6494,22,1126
6494,22,1128
6494,22,1129
6494,22,1146
6494,23,1153
6494,23,1159
6494,23,1164
6494,23,1170
6494,23,1182
6494,23,1183
6494,23,1185
6494,23,1188
6494,23,1197
6494,24,1216
6494,24,1235
6494,24,1238
6494,24,1245
6494,25,1254
6494,25,1284
6494,25,1288
6494,26,1316
6494,26,1326
6494,26,1327
6494,26,1335
6508,39,1958
6508,39,1962
6508,40,2001
6508,40,2007
6508,40,2039
6508,40,2047
6508,40,2049
6508,41,2066
6508,41,2075
6508,41,2080
6508,41,2089
6508,41,2091
6508,41,2096
6508,42,2101
6508,42,2109
6508,42,2137
6508,42,2145
6508,43,2153
6508,43,2177
6508,43,2183
6508,43,2185
6508,43,2197
6508,44,2214
6508,45,2252
6508,45,2273
6508,45,2278
6508,45,2279
6508,45,2280
6508,45,2281
6508,45,2299
6508,46,2308
6508,46,2316
6508,46,2320
6508,46,2330
6508,46,2334
6508,46,2336
6508,46,2349
6508,47,2352
6508,47,2361
6508,47,2365
6508,47,2400
6508,48,2420
6508,48,2422
6508,48,2435
6508,48,2446
6565,59,2963
6565,59,2976
6565,59,2983
6565,60,3001
6565,60,3006
6565,60,3019
6565,60,3030
6565,60,3045
6565,60,3047
6565,61,3054
6565,61,3081
6565,61,3092
6565,62,3116
6565,62,3119
6565,62,3122
6565,62,3123
6565,62,3132
6565,62,3135
6565,62,3143
6565,64,3215
6565,64,3222
6565,64,3226
6565,65,3260
6565,65,3276
6565,65,3277
6565,66,3301
6565,66,3303
6565,66,3308
6565,66,3311
6565,66,3314
6565,66,3315
6565,66,3341
6565,66,3343
6565,66,3345
6565,66,3348
6565,67,3397
6565,68,3411
6565,68,3412
6565,68,3414
6544,20,1012
6544,20,1028
6544,20,1030
6544,20,1043
6544,21,1067
6544,21,1068
6544,21,1079
6544,21,1092
6544,21,1097
6544,22,1109
6544,22,1111
6544,22,1138
6544,23,1154
6544,23,1155
6544,23,1160
6544,23,1170
6544,23,1172
6544,23,1180
6544,23,1187
6544,24,1216
6544,24,1218
6544,24,1223
6544,24,1235
6544,24,1237
6544,24,1250
6544,25,1251
6544,25,1263
6544,25,1266
6544,25,1280
6544,25,1288
6544,25,1290
6544,26,1302
6544,26,1313
6544,26,1315
6544,26,1332
6544,26,1333
6544,26,1347
6544,27,1352
6544,27,1372
6544,27,1387
6544,27,1395
6544,28,1412
6544,28,1433
6544,28,1444
6544,28,1445
6527,137,6854
6527,137,6869
6527,137,6870
6527,139,6963
6527,139,6995
6527,140,7003
6527,140,7023
6527,140,7030
6527,140,7046
6527,140,7049
6527,141,7051
6527,141,7059
6527,141,7064
6527,141,7071
6527,141,7087
6527,142,7101
6527,142,7148
6527,143,7151
6527,143,7176
6527,143,7185
6527,143,7191
6527,143,7193
6527,143,7198
6527,144,7220
6527,144,7225
6527,144,7227
6527,145,7258
6527,145,7269
6527,145,7270
6527,145,7278
6527,145,7299
6527,146,7312
6527,146,7313
6527,146,7331
6527,146,7350
6527,165,8276
6527,165,8280
6542,122,6110
6542,122,6112
6542,122,6130
6542,122,6134
6542,123,6151
6542,123,6158
6542,123,6162
6542,123,6164
6542,123,6168
6542,123,6189
6542,123,6190
6542,123,6194
6542,123,6197
6542,123,6198
6542,123,6199
6542,124,6201
6542,124,6205
6542,124,6227
6542,124,6234
6542,125,6260
6542,125,6267
6542,125,6295
6542,125,6296
6542,126,6334
6542,126,6343
6542,126,6350
6542,127,6355
6542,127,6371
6542,127,6383
6542,128,6410
6542,128,6420
6542,128,6435
6542,128,6441
6542,128,6442
6542,129,6458
6542,129,6481
6542,129,6482
6542,129,6487
6542,129,6493
6542,129,6495
6542,130,6506
6542,130,6510
6542,130,6514
6542,130,6523
6542,130,6529
6542,131,6551
6542,131,6577
6542,131,6585
6542,131,6591
6529,71,3555
6529,71,3565
6529,71,3570
6529,71,3574
6529,71,3583
6529,71,3588
6529,71,3599
6529,72,3624
6529,72,3638
6529,73,3651
6529,73,3662
6529,73,3686
6529,74,3718
6529,74,3721
6529,74,3745
6529,75,3754
6529,75,3758
6529,75,3760
6529,75,3765
6529,75,3767
6529,75,3790
6529,76,3842
6529,77,3856
6529,77,3866
6529,77,3883
6529,77,3885
6529,78,3907
6529,78,3948
6529,79,3955
6529,79,3958
6529,79,3966
6529,79,3980
6529,79,3989
6529,80,4007
6529,80,4022
6529,80,4031
6488,0,1
6488,0,5
6488,0,35
6488,0,40
6488,0,48
6488,1,55
6488,1,58
6488,1,81
6488,1,89
6488,1,91
6488,1,94
6488,1,100
6488,2,104
6488,2,109
6488,2,141
6488,3,162
6488,3,171
6488,3,185
6488,3,191
6488,3,199
6488,4,217
6488,4,223
6488,4,230
6488,5,254
6488,5,274
6488,5,294
6488,6,308
6488,6,322
6488,6,327
6488,6,328
6488,6,347
6488,6,348
6488,7,369
6488,7,372
6488,7,394
6488,7,395
6488,7,400
6488,8,401
6488,8,422
6488,8,442
6488,9,475
6488,9,477
6488,9,493
6502,97,4853
6502,97,4855
6502,97,4858
6502,97,4860
6502,97,4893
6502,98,4903
6502,98,4907
6502,98,4915
6502,98,4919
6502,98,4922
6502,98,4935
6502,98,4937
6502,98,4939
6502,99,4951
6502,99,4960
6502,99,4972
6502,99,4983
6502,99,4998
6502,100,5004
6502,100,5015
6502,100,5020
6502,100,5022
6502,100,5025
6502,100,5031
6502,100,5033
6502,100,5042
6502,101,5053
6502,101,5059
6502,101,5069
6502,101,5073
6502,101,5074
6502,101,5075
6502,101,5077
6502,102,5109
6502,102,5110
6502,102,5112
6502,103,5153
6502,103,5186
6502,104,5202
6502,104,5212
6502,104,5225
6502,104,5229
6502,104,5230
6502,104,5234
6502,104,5236
6502,104,5241
6502,105,5262
6502,105,5271
6502,105,5273
6502,105,5291
6502,106,5307
6502,106,5347
6564,192,9603
6564,192,9640
6564,192,9642
6564,193,9656
6564,193,9658
6564,193,9673
6564,193,9675
6564,193,9683
6564,193,9697
6564,194,9702
6564,194,9718
6564,194,9730
6564,194,9731
6564,194,9740
6564,195,9759
6564,195,9779
6564,195,9793
6564,196,9813
6564,196,9816
6564,196,9835
6564,197,9888
6564,197,9896
6564,197,9898
6564,198,9910
6564,198,9945
6564,198,9946
6564,198,9947
6564,209,10454
6564,209,10466
6564,209,10468
6564,209,10484
6564,209,10488
6564,210,10501
6564,210,10509
6564,210,10526
6564,210,10539
6564,211,10575
6564,211,10582
6467,29,1452
6467,29,1461
6467,29,1462
6467,29,1498
6467,30,1501
6467,30,1514
6467,30,1527
6467,30,1532
6467,30,1534
6467,30,1542
6467,32,1605
6467,32,1617
6467,32,1635
6467,32,1645
6467,33,1660
6467,34,1712
6467,34,1729
6467,35,1755
6467,35,1763
6467,35,1764
6467,36,1810
6467,36,1822
6467,37,1857
6467,37,1860
6467,37,1868
6467,38,1909
6467,38,1917
6467,38,1918
6467,38,1938
6467,39,1958
6467,39,1973
6467,39,1983
6467,39,1993
6542,194,9711
6542,194,9721
6542,194,9748
6542,194,9749
6542,195,9758
6542,195,9766
6542,195,9778
6542,195,9781
6542,195,9789
6542,195,9797
6542,196,9802
6542,196,9815
6542,196,9826
6542,196,9827
6542,196,9839
6542,197,9864
6542,198,9904
6542,198,9908
6542,198,9918
6542,198,9921
6542,198,9933
6542,198,9947
6542,198,9950
6542,199,9955
6542,199,9967
6542,199,9974
6542,199,9975
6542,200,10002
6542,200,10003
6542,200,10017
6542,201,10056
6542,201,10068
6542,201,10072
6542,201,10076
6542,201,10077
6542,201,10079
6542,201,10083
6542,201,10092
6542,201,10093
6542,201,10098
6542,202,10106
6542,203,10153
6542,203,10168
6542,203,10196
6565,79,3951
6565,79,3958
6565,79,3967
6565,80,4002
6565,80,4034
6565,81,4058
6565,81,4063
6565,81,4070
6565,81,4080
6565,81,4085
6565,82,4109
6565,82,4140
6565,83,4189
6565,83,4197
6565,83,4200
6565,84,4201
6565,84,4207
6565,84,4216
6565,84,4227
6565,84,4232
6565,84,4239
6565,85,4258
6565,85,4280
6565,85,4286
6565,85,4291
6565,85,4296
6565,86,4305
6565,86,4308
6565,86,4318
6565,86,4324
6565,86,4325
6565,86,4338
6565,87,4362
6565,87,4376
6565,87,4389
6565,88,4405
6565,88,4433
6565,88,4450
6542,154,7706
6542,154,7717
6542,154,7724
6542,154,7727
6542,154,7747
6542,154,7748
6542,155,7783
6542,155,7798
6542,156,7805
6542,156,7808
6542,156,7810
6542,156,7816
6542,156,7819
6542,156,7834
6542,156,7842
6542,156,7846
6542,157,7882
6542,157,7890
6542,157,7894
6542,158,7905
6542,158,7922
6542,158,7950
6542,159,7963
6542,159,7981
6542,159,7983
6542,159,7990
6542,159,7993
6542,160,8004
6542,160,8018
6542,160,8020
6542,160,8023
6542,160,8026
6542,160,8030
6542,160,8049
6542,160,8050
6542,161,8060
6542,161,8083
6542,162,8102
6542,162,8104
6542,162,8121
6542,162,8124
6542,162,8128
6542,162,8133
6542,162,8134
6542,162,8141
6542,163,8155
6542,163,8159
6542,163,8183
6542,163,8189
6552,50,2522
6552,50,2533
6552,51,2566
6552,51,2591
6552,52,2602
6552,52,2611
6552,52,2613
6552,52,2615
6552,52,2616
6552,52,2620
6552,52,2623
6552,52,2640
6552,52,2648
6552,53,2655
6552,53,2659
6552,53,2662
6552,53,2667
6552,53,2678
6552,53,2698
6552,54,2714
6552,54,2715
6552,54,2716
6552,54,2725
6552,54,2750
6552,55,2781
6552,55,2782
6552,55,2790
6552,55,2795
6552,56,2807
6552,56,2834
6552,56,2841
6552,57,2859
6552,57,2860
6552,57,2866
6552,57,2871
6552,57,2895
6552,58,2901
6552,58,2909
6552,58,2912
6552,58,2926
6552,58,2934
6552,58,2938
6552,58,2944
6552,59,2959
6552,59,2975
6542,204,10218
6542,204,10221
6542,204,10224
6542,204,10228
6542,204,10247
6542,204,10249
6542,205,10271
6542,205,10279
6542,205,10282
6542,205,10283
6542,205,10299
6542,206,10324
6542,206,10341
6542,207,10356
6542,207,10358
6542,207,10369
6542,207,10372
6542,207,10378
6542,207,10384
6542,208,10401
6542,208,10413
6542,208,10414
6542,208,10422
6542,208,10436
6542,208,10439
6542,208,10450
6542,209,10459
6542,209,10462
6542,209,10465
6542,209,10473
6542,209,10499
6542,210,10504
6542,210,10515
6542,210,10535
6542,211,10551
6542,211,10552
6542,211,10570
6542,211,10571
6542,211,10574
6542,212,10606
6542,212,10607
6542,212,10621
6542,212,10634
6542,212,10635
6542,212,10644
6542,212,10649
6542,213,10662
6542,213,10664
6542,213,10671
6542,213,10674
6542,213,10699
6542,213,10700
6544,198,9912
6544,198,9934
6544,198,9937
6544,198,9947
6544,199,9954
6544,199,9956
6544,199,9967
6544,199,9969
6544,200,10005
6544,200,10009
6544,200,10014
6544,200,10017
6544,200,10020
6544,200,10038
6544,201,10070
6544,201,10079
6544,201,10090
6544,201,10094
6544,201,10099
6544,203,10180
6544,203,10184
6544,203,10192
6544,204,10212
6544,204,10214
6544,204,10220
6544,204,10223
6544,205,10252
6544,205,10258
6544,205,10273
6544,205,10277
6544,205,10294
6544,206,10310
6544,206,10320
6544,206,10325
6544,206,10326
6544,206,10343
6544,207,10354
6544,207,10376
6544,208,10424
6544,208,10436
6544,208,10444
6544,29,1465
6544,29,1490
6544,29,1493
6544,29,1494
6544,30,1522
6544,30,1524
6544,30,1526
6544,30,1543
6544,30,1545
6544,30,1550
6544,31,1553
6544,31,1559
6544,31,1583
6544,31,1587
6544,31,1597
6544,32,1610
6544,32,1614
6544,32,1623
6544,33,1659
6544,33,1691
6544,33,1700
6544,34,1707
6544,34,1711
6544,34,1712
6544,34,1714
6544,34,1739
6544,35,1759
6544,35,1777
6544,35,1780
6544,35,1784
6544,35,1787
6544,35,1788
6544,36,1807
6544,36,1840
6544,37,1878
6544,37,1892
6544,37,1893
6544,37,1897
6544,38,1901
6544,38,1925
6544,38,1940
6502,11,568
6502,11,572
6502,11,584
6502,11,597
6502,12,603
6502,12,650
6502,13,651
6502,13,653
6502,13,664
6502,13,673
6502,13,676
6502,13,681
6502,13,688
6502,13,689
6502,13,699
6502,14,702
6502,14,707
6502,14,724
6502,14,747
6502,15,760
6502,15,782
6502,15,788
6502,15,798
6502,16,824
6502,16,850
6502,17,851
6502,17,890
6502,18,908
6502,18,914
6502,18,950
6502,19,952
6502,19,974
6502,19,975
6502,19,993
6502,19,996
6502,20,1021
6502,20,1050
6468,18,943
6468,19,959
6468,19,964
6468,19,979
6468,19,995
6468,20,1001
6468,20,1010
6468,20,1011
6468,20,1036
6468,20,1042
6468,21,1073
6468,21,1086
6468,22,1103
6468,22,1114
6468,22,1141
6468,23,1167
6468,23,1196
6468,24,1202
6468,24,1217
6468,24,1223
6468,24,1229
6468,24,1233
6468,24,1235
6468,25,1255
6468,25,1272
6468,26,1312
6468,26,1326
6468,26,1333
6468,26,1346
6468,27,1363
6468,27,1374
6468,27,1376
6564,170,8543
6564,170,8550
6564,175,8762
6564,175,8771
6564,179,8957
6564,179,8962
6564,180,9020
6564,180,9022
6564,180,9049
6564,183,9167
6564,183,9183
6564,183,9199
6564,185,9254
6564,185,9259
6564,185,9260
6564,185,9262
6564,185,9289
6564,188,9402
6564,188,9420
6564,188,9440
6564,188,9449
6564,189,9455
6564,189,9459
6564,189,9462
6564,189,9463
6564,189,9479
6564,189,9482
6564,190,9507
6564,190,9510
6564,190,9513
6564,190,9545
6564,191,9556
6564,191,9557
6564,191,9560
6564,191,9561
6564,191,9562
6564,191,9575
6564,191,9585
6564,191,9594
6562,31,1563
6562,31,1567
6562,31,1576
6562,31,1579
6562,31,1591
6562,32,1614
6562,32,1648
6562,32,1650
6562,33,1670
6562,34,1711
6562,34,1712
6562,34,1724
6562,34,1730
6562,34,1739
6562,34,1740
6562,34,1742
6562,34,1744
6562,34,1750
6562,35,1768
6562,35,1772
6562,35,1779
6562,35,1781
6562,35,1785
6562,35,1789
6562,35,1791
6562,35,1799
6562,36,1825
6562,36,1838
6562,36,1842
6562,37,1856
6562,38,1913
6562,38,1938
6562,38,1941
6562,38,1944
6562,38,1947
6562,39,1966
6562,39,1967
6562,39,1999
6562,40,2003
6562,40,2016
6562,40,2041
6553,0,13
6553,0,17
6553,0,19
6553,0,42
6553,0,48
6553,1,53
6553,1,84
6553,1,89
6553,1,92
6553,1,98
6553,1,99
6553,2,116
6553,2,120
6553,2,146
6553,3,179
6553,3,182
6553,3,185
6553,3,186
6553,3,188
6553,4,205
6553,4,206
6553,4,209
6553,4,218
6553,4,238
6553,5,271
6553,5,280
6553,5,282
6553,5,288
6553,5,289
6553,5,295
6553,5,296
6553,6,308
6553,6,310
6553,6,314
6553,6,328
6553,6,339
6553,7,364
6553,7,378
6553,7,391
6553,7,398
6553,8,405
6553,8,413
6553,8,414
6553,8,416
6553,8,417
6553,8,424
6553,8,440
6553,8,442
6553,8,450
6553,9,476
6553,9,488
6553,9,490
6553,9,500
6544,327,16354
6544,327,16355
6544,327,16366
6544,327,16367
6544,327,16376
6544,327,16385
6544,327,16398
6544,328,16431
6544,328,16436
6544,328,16440
6544,329,16483
6544,329,16484
6544,329,16485
6544,329,16499
6544,330,16509
6544,330,16519
6544,330,16522
6544,330,16529
6544,330,16534
6544,330,16544
6544,331,16552
6544,331,16553
6544,331,16558
6544,331,16576
6544,332,16610
6544,332,16613
6544,332,16615
6544,332,16619
6544,332,16629
6544,332,16632
6544,332,16648
6544,333,16654
6544,333,16668
6544,334,16714
6544,334,16719
6544,334,16735
6544,334,16736
6544,335,16754
6544,335,16763
6544,335,16772
6544,335,16778
6544,335,16784
6544,336,16805
6544,336,16815
6544,336,16817
6544,336,16825
6544,336,16831
6544,336,16839
6544,336,16847
6544,336,16849
6552,70,3502
6552,70,3506
6552,70,3518
6552,70,3548
6552,71,3583
6552,71,3588
6552,72,3602
6552,72,3605
6552,73,3657
6552,73,3659
6552,73,3669
6552,73,3689
6552,74,3705
6552,74,3709
6552,74,3717
6552,74,3727
6552,74,3731
6552,74,3746
6552,75,3757
6552,75,3764
6552,75,3794
6552,75,3799
6552,76,3805
6552,76,3806
6552,76,3809
6552,76,3820
6552,76,3829
6552,76,3836
6552,76,3838
6552,77,3878
6552,77,3880
6552,77,3882
6552,77,3886
6552,77,3887
6552,78,3905
6552,78,3906
6552,78,3907
6552,78,3909
6552,78,3910
6552,78,3935
6552,78,3947
6552,79,3952
6552,79,3965
6552,79,3984
6552,79,3987
6552,79,3993
6552,79,3998
6565,90,4532
6565,90,4537
6565,90,4539
6565,90,4542
6565,91,4554
6565,91,4564
6565,91,4569
6565,91,4573
6565,91,4575
6565,91,4583
6565,91,4587
6565,91,4593
6565,91,4595
6565,92,4608
6565,92,4621
6565,92,4632
6565,92,4639
6565,93,4658
6565,93,4674
6565,94,4708
6565,94,4713
6565,94,4720
6565,94,4724
6565,94,4728
6565,94,4734
6565,94,4735
6565,94,4738
6565,95,4775
6565,95,4782
6565,96,4814
6565,96,4817
6565,96,4828
6565,96,4836
6565,96,4847
6565,97,4864
6565,97,4875
6565,97,4898
6565,97,4900
6565,98,4935
6565,98,4936
6548,16,812
6548,16,816
6548,16,818
6548,16,823
6548,16,841
6548,17,878
6548,17,882
6548,17,887
6548,19,952
6548,19,958
6548,19,975
6548,19,989
6548,19,997
6548,19,1000
6548,20,1004
6548,20,1011
6548,20,1033
6548,20,1035
6548,21,1053
6548,21,1059
6548,23,1151
6548,23,1161
6548,23,1177
6548,23,1179
6548,23,1194
6548,23,1195
6548,24,1206
6548,24,1210
6548,24,1225
6548,24,1228
6548,24,1236
6548,24,1240
6548,25,1285
6548,25,1293
6548,25,1295
6548,26,1309
6548,26,1314
6548,26,1341
6548,26,1344
6548,27,1391
6548,27,1395
6489,67,3364
6489,67,3365
6489,67,3370
6489,67,3387
6489,68,3405
6489,68,3414
6489,68,3423
6489,68,3429
6489,68,3436
6489,69,3465
6489,69,3470
6489,69,3485
6489,69,3500
6489,70,3513
6489,70,3529
6489,71,3556
6489,71,3560
6489,71,3569
6489,71,3573
6489,71,3575
6489,72,3604
6489,72,3612
6489,72,3626
6489,72,3628
6489,72,3637
6489,73,3655
6489,73,3661
6489,73,3669
6489,73,3686
6489,73,3696
6489,73,3699
6489,74,3702
6489,74,3708
6489,74,3713
6489,74,3720
6489,74,3725
6489,74,3747
6489,74,3749
6489,74,3750
6489,75,3751
6489,75,3758
6489,75,3763
6489,75,3764
6489,75,3787
6489,75,3795
6489,75,3796
6489,75,3797
6489,75,3798
6489,76,3805
6489,76,3810
6489,76,3817
6489,76,3823
6489,76,3827
6489,76,3834
6489,76,3835
6559,85,4252
6559,85,4254
6559,85,4262
6559,86,4313
6559,86,4314
6559,86,4350
6559,87,4395
6559,88,4430
6559,88,4432
6559,88,4435
6559,88,4436
6559,89,4459
6559,89,4462
6559,89,4482
6559,89,4488
6559,90,4511
6559,90,4519
6559,90,4527
6559,90,4539
6559,91,4571
6559,91,4573
6559,91,4574
6559,91,4575
6559,91,4579
6559,91,4585
6559,91,4592
6559,91,4596
6559,92,4607
6559,92,4611
6559,92,4624
6559,92,4636
6559,92,4644
6559,93,4672
6559,93,4677
6559,93,4680
6559,93,4685
6559,93,4694
6559,94,4706
6559,94,4723
6559,94,4724
6559,94,4731
6559,94,4747
6559,94,4748
6552,26,1301
6552,26,1304
6552,26,1317
6552,26,1345
6552,26,1346
6552,27,1357
6552,27,1360
6552,27,1368
6552,27,1372
6552,27,1381
6552,27,1387
6552,27,1391
6552,27,1392
6552,28,1401
6552,28,1447
6552,29,1468
6552,29,1471
6552,30,1508
6552,30,1520
6552,30,1538
6552,30,1541
6552,30,1547
6552,31,1562
6552,31,1575
6552,32,1624
6552,32,1628
6552,32,1632
6552,32,1639
6552,33,1651
6552,33,1655
6552,33,1699
6552,34,1702
6552,34,1713
6552,34,1738
6552,34,1744
6552,35,1772
6552,35,1789
6552,35,1790
6552,35,1796
6497,144,7217
6497,144,7218
6497,144,7225
6497,144,7227
6497,144,7242
6497,145,7257
6497,145,7273
6497,146,7301
6497,146,7302
6497,146,7303
6497,146,7314
6497,146,7318
6497,146,7323
6497,147,7351
6497,147,7354
6497,147,7359
6497,147,7385
6497,148,7401
6497,148,7417
6497,148,7419
6497,148,7421
6497,148,7439
6497,148,7440
6497,148,7443
6497,149,7455
6497,149,7480
6497,149,7493
6497,150,7510
6497,150,7519
6497,150,7521
6497,150,7536
6497,150,7549
6497,151,7560
6497,151,7579
6497,151,7598
6497,152,7625
6497,152,7631
6497,152,7642
6497,152,7647
6497,153,7659
6497,153,7676
6497,153,7678
6497,153,7688
6497,153,7689
6497,153,7695
6497,153,7696
6569,10,518
6569,10,550
6569,11,552
6569,11,576
6569,11,587
6569,12,607
6569,12,626
6569,12,644
6569,12,647
6569,13,657
6569,13,666
6569,13,685
6569,13,700
6569,14,706
6569,14,710
6569,14,714
6569,14,735
6569,14,737
6569,15,757
6569,15,758
6569,15,761
6569,15,765
6569,15,767
6569,15,776
6569,15,779
6569,15,781
6569,15,786
6569,16,801
6569,16,806
6569,16,812
6569,16,825
6569,16,827
6569,16,840
6569,16,850
6569,17,854
6569,17,865
6569,17,867
6569,17,894
6569,18,901
6569,18,905
6569,18,907
6569,18,917
6569,18,920
6569,18,928
6569,19,958
6569,19,959
6569,19,961
6569,19,962
6544,241,12052
6544,241,12074
6544,241,12084
6544,242,12109
6544,242,12110
6544,242,12118
6544,242,12121
6544,242,12125
6544,242,12132
6544,242,12134
6544,242,12137
6544,242,12138
6544,242,12141
6544,243,12152
6544,243,12166
6544,243,12167
6544,243,12175
6544,243,12179
6544,243,12180
6544,243,12182
6544,243,12183
6544,243,12187
6544,243,12193
6544,244,12207
6544,244,12210
6544,244,12223
6544,244,12229
6544,244,12239
6544,244,12248
6544,245,12252
6544,245,12256
6544,245,12269
6544,245,12277
6544,245,12295
6544,246,12303
6544,246,12318
6544,246,12325
6544,246,12326
6544,246,12333
6544,248,12404
6544,248,12424
6544,248,12427
6544,248,12431
6544,248,12444
6544,249,12453
6544,249,12454
6544,249,12476
6544,249,12477
6544,250,12505
6544,250,12518
6544,250,12525
6544,250,12540
6544,250,12547
6544,250,12548
6544,251,12574
6544,62,3105
6544,62,3109
6544,62,3117
6544,62,3121
6544,62,3146
6544,63,3154
6544,63,3158
6544,63,3159
6544,63,3170
6544,63,3193
6544,64,3202
6544,64,3219
6544,64,3221
6544,64,3223
6544,64,3227
6544,64,3235
6544,64,3236
6544,64,3238
6544,66,3301
6544,66,3338
6544,66,3342
6544,66,3346
6544,67,3382
6544,67,3390
6544,68,3416
6544,68,3417
6544,68,3418
6544,68,3425
6544,68,3440
6544,68,3447
6544,69,3452
6544,69,3453
6544,69,3461
6544,69,3473
6544,69,3482
6544,69,3491
6544,70,3501
6544,70,3513
6544,70,3534
6544,70,3542
6544,71,3554
6544,71,3566
6501,30,1505
6501,30,1506
6501,30,1530
6501,30,1544
6501,31,1553
6501,31,1557
6501,31,1564
6501,31,1587
6501,31,1592
6501,31,1595
6501,32,1648
6501,33,1654
6501,33,1674
6501,33,1678
6501,34,1706
6501,34,1729
6501,35,1763
6501,35,1765
6501,35,1772
6501,35,1774
6501,35,1787
6501,35,1788
6501,35,1789
6501,36,1808
6501,36,1818
6501,36,1819
6501,37,1869
6501,37,1873
6501,37,1887
6501,37,1890
6501,37,1898
6501,38,1908
6501,38,1915
6501,38,1921
6501,38,1940
6501,39,1965
6501,39,1985
6544,297,14883
6544,297,14888
6544,297,14896
6544,297,14897
6544,297,14899
6544,298,14913
6544,298,14947
6544,299,14951
6544,299,14960
6544,299,14998
6544,300,15006
6544,300,15010
6544,300,15015
6544,300,15035
6544,300,15037
6544,301,15067
6544,301,15072
6544,301,15077
6544,302,15113
6544,302,15126
6544,302,15137
6544,302,15141
6544,302,15148
6544,303,15154
6544,303,15193
6544,303,15194
6544,303,15198
6544,303,15200
6544,304,15224
6544,304,15231
6544,304,15234
6544,304,15244
6544,305,15251
6544,305,15254
6544,305,15262
6544,305,15287
6544,305,15292
6544,306,15310
6544,306,15314
6544,306,15332
6542,26,1305
6542,26,1308
6542,26,1333
6542,26,1334
6542,26,1349
6542,27,1362
6542,27,1363
6542,27,1364
6542,27,1369
6542,27,1383
6542,27,1393
6542,30,1515
6542,30,1517
6542,30,1549
6542,31,1552
6542,31,1591
6542,32,1609
6542,32,1615
6542,32,1622
6542,32,1636
6542,32,1641
6542,33,1655
6542,33,1659
6542,33,1677
6542,33,1685
6542,36,1801
6542,36,1805
6542,36,1824
6542,37,1861
6542,37,1865
6542,37,1868
6542,37,1872
6542,40,2004
6542,40,2029
6542,40,2043
6542,44,2238
6572,40,2021
6572,40,2022
6572,40,2031
6572,40,2036
6572,40,2049
6572,41,2074
6572,41,2079
6572,42,2102
6572,42,2116
6572,42,2117
6572,42,2118
6572,42,2143
6572,43,2157
6572,43,2171
6572,43,2173
6572,43,2183
6572,43,2200
6572,44,2208
6572,44,2218
6572,44,2223
6572,44,2244
6572,45,2269
6572,46,2301
6572,46,2318
6572,46,2333
6572,47,2357
6572,47,2371
6572,47,2377
6572,47,2379
6572,47,2389
6572,47,2400
6572,48,2414
6572,48,2418
6572,49,2463
6572,49,2481
6572,49,2485
6572,49,2486
6572,49,2495
6572,49,2498
6572,49,2500
6544,164,8226
6544,164,8235
6544,164,8244
6544,164,8248
6544,166,8302
6544,167,8352
6544,167,8369
6544,167,8372
6544,167,8376
6544,167,8390
6544,167,8397
6544,167,8400
6544,168,8418
6544,168,8433
6544,170,8508
6544,170,8512
6544,170,8531
6544,171,8552
6544,171,8553
6544,171,8554
6544,171,8576
6544,171,8579
6544,171,8582
6544,171,8596
6544,172,8613
6544,172,8617
6544,172,8619
6544,172,8630
6544,172,8635
6544,174,8703
6544,174,8707
6544,174,8726
6544,174,8728
6544,174,8735
6544,175,8761
6544,175,8785
6544,175,8792
6544,175,8796
6544,176,8827
6542,82,4106
6542,82,4119
6542,82,4137
6542,83,4158
6542,83,4163
6542,83,4190
6542,83,4197
6542,84,4202
6542,84,4223
6542,84,4239
6542,84,4248
6542,85,4265
6542,85,4294
6542,85,4296
6542,86,4302
6542,86,4313
6542,86,4322
6542,87,4351
6542,87,4352
6542,87,4376
6542,87,4378
6542,87,4387
6542,87,4388
6542,88,4407
6542,88,4419
6542,88,4430
6542,88,4431
6542,88,4437
6542,88,4446
6542,89,4452
6542,89,4457
6542,89,4474
6542,89,4479
6542,89,4481
6542,89,4482
6542,89,4489
6542,90,4503
6542,90,4510
6542,90,4511
6542,90,4526
6542,90,4540
6542,90,4541
6542,90,4546
6542,91,4560
6542,91,4583
6542,91,4585
6560,31,1562
6560,31,1574
6560,42,2105
6560,42,2107
6560,42,2119
6560,42,2146
6560,43,2160
6560,43,2165
6560,43,2172
6560,43,2180
6560,43,2182
6560,43,2191
6560,43,2194
6560,44,2242
6560,44,2248
6560,45,2253
6560,45,2255
6560,45,2258
6560,45,2268
6560,45,2272
6560,45,2284
6560,45,2296
6560,46,2315
6560,46,2317
6560,46,2325
6560,46,2333
6560,46,2339
6560,46,2342
6560,46,2343
6560,47,2370
6560,47,2382
6560,47,2386
6560,47,2388
6560,48,2408
6560,48,2409
6560,48,2410
6560,48,2415
6560,48,2416
6560,48,2435
6560,48,2447
6560,49,2465
6560,49,2476
6560,49,2495
6544,10,503
6544,10,509
6544,10,519
6544,10,529
6544,10,545
6544,11,571
6544,11,582
6544,11,586
6544,11,594
6544,11,597
6544,12,624
6544,12,626
6544,12,628
6544,13,655
6544,13,680
6544,13,693
6544,13,696
6544,14,706
6544,14,711
6544,14,731
6544,14,740
6544,15,755
6544,15,756
6544,15,766
6544,15,783
6544,16,810
6544,16,815
6544,16,821
6544,16,832
6544,16,850
6544,17,855
6544,17,870
6544,17,885
6544,17,894
6544,18,939
6544,18,940
6544,19,953
6544,19,963
6544,19,969
6544,19,986
6544,19,994
6563,40,2004
6563,40,2011
6563,40,2033
6563,40,2038
6563,40,2044
6563,41,2055
6563,41,2062
6563,41,2075
6563,41,2093
6563,42,2134
6563,42,2136
6563,83,4158
6563,83,4161
6563,83,4171
6563,83,4172
6563,83,4192
6563,84,4216
6563,84,4218
6563,84,4226
6563,84,4249
6563,85,4252
6563,85,4270
6563,85,4271
6563,86,4310
6563,86,4322
6563,86,4331
6563,87,4353
6563,87,4356
6563,87,4358
6563,87,4361
6563,87,4383
6563,87,4388
6563,87,4392
6563,88,4411
6563,88,4433
6563,88,4435
6563,88,4446
6563,89,4460
6563,89,4477
6563,89,4485
6563,89,4491
6527,147,7370
6527,147,7376
6527,147,7390
6527,148,7416
6527,148,7428
6527,148,7435
6527,149,7451
6527,149,7454
6527,149,7459
6527,149,7462
6527,149,7478
6527,149,7485
6527,149,7492
6527,150,7502
6527,150,7510
6527,150,7516
6527,150,7528
6527,150,7540
6527,150,7544
6527,151,7551
6527,151,7573
6527,151,7588
6527,151,7596
6527,152,7607
6527,152,7614
6527,152,7624
6527,152,7625
6527,152,7628
6527,152,7643
6527,152,7644
6527,153,7655
6527,153,7693
6527,154,7705
6527,154,7713
6527,154,7737
6527,155,7753
6527,155,7762
6527,155,7785
6527,155,7795
6527,156,7801
6527,156,7816
6527,156,7827
6527,156,7837
6527,156,7842
6573,10,542
6573,10,546
6573,11,551
6573,11,569
6573,11,594
6573,11,596
6573,12,613
6573,13,666
6573,13,681
6573,13,688
6573,13,693
6573,14,704
6573,14,709
6573,14,725
6573,15,763
6573,16,802
6573,16,809
6573,16,810
6573,16,840
6573,16,843
6573,16,844
6573,17,852
6573,17,866
6573,17,871
6573,17,873
6573,17,875
6573,17,884
6573,17,888
6573,18,904
6573,18,907
6573,18,926
6573,18,928
6573,19,964
6573,19,984
6564,81,4051
6564,81,4064
6564,81,4066
6564,81,4085
6564,81,4091
6564,81,4095
6564,82,4107
6564,82,4109
6564,82,4127
6564,83,4153
6564,83,4157
6564,83,4189
6564,84,4203
6564,84,4232
6564,84,4233
6564,84,4234
6564,84,4243
6564,84,4247
6564,85,4255
6564,85,4257
6564,85,4268
6564,85,4290
6564,85,4294
6564,85,4300
6564,96,4801
6564,96,4802
6564,96,4824
6564,96,4832
6564,96,4842
6564,186,9305
6564,186,9309
6564,186,9315
6564,186,9338
6564,186,9349
6564,187,9371
6564,219,10953
6564,219,10967
6564,219,10970
6564,220,11007
6564,220,11011
6564,220,11029
6564,220,11049
6566,2,109
6566,2,116
6566,2,118
6566,3,151
6566,3,179
6566,3,180
6566,3,200
6566,4,206
6566,4,216
6566,4,219
6566,5,251
6566,5,258
6566,6,324
6566,6,336
6566,7,357
6566,7,367
6566,7,400
6566,8,402
6566,8,434
6566,9,451
6566,9,468
6566,9,475
6566,9,484
6566,9,491
6566,10,508
6566,10,518
6566,10,519
6566,10,528
6566,10,533
6566,10,535
6566,10,548
6566,10,549
6566,10,550
6566,11,573
6566,11,587
6566,11,590
6687,0,39
6687,1,77
6687,2,103
6687,2,145
6687,3,158
6687,3,161
6687,3,186
6687,3,190
6687,4,201
6687,4,203
6687,4,204
6687,4,205
6687,4,209
6687,4,234
6687,4,249
6687,5,268
6687,6,318
6687,6,320
6687,6,327
6687,6,350
6687,7,353
6687,7,363
6687,7,396
6542,134,6724
6542,135,6752
6542,135,6756
6542,135,6768
6542,135,6774
6542,136,6805
6542,136,6818
6542,136,6828
6542,136,6833
6542,136,6845
6542,137,6851
6542,137,6856
6542,137,6858
6542,137,6883
6542,137,6891
6542,137,6894
6542,137,6900
6542,138,6910
6542,138,6911
6542,138,6922
6542,138,6933
6542,138,6941
6542,139,6960
6542,139,6966
6542,139,6968
6542,139,6971
6542,139,6974
6542,139,6995
6542,140,7001
6542,140,7003
6542,140,7024
6542,140,7036
6542,141,7059
6542,141,7064
6542,141,7078
6542,141,7080
6542,142,7101
6542,142,7111
6542,142,7129
6542,142,7149
6542,143,7164
6542,143,7175
6542,143,7185
6502,84,4205
6502,84,4208
6502,84,4217
6502,84,4221
6502,84,4249
6502,85,4274
6502,85,4275
6502,85,4276
6502,85,4285
6502,85,4287
6502,86,4306
6502,86,4314
6502,86,4320
6502,86,4322
6502,86,4339
6502,128,6402
6502,128,6442
6502,129,6451
6502,129,6466
6502,129,6485
6502,129,6488
6502,131,6562
6502,131,6563
6502,131,6567
6502,131,6572
6502,131,6587
6502,131,6589
6502,131,6590
6502,132,6602
6502,132,6605
6502,132,6624
6502,133,6654
6502,133,6678
6502,133,6683
6502,134,6704
6502,134,6735
6502,134,6746
6502,135,6751
6502,135,6765
6502,135,6768
6502,135,6779
6502,135,6782
6502,135,6786
6542,144,7202
6542,144,7204
6542,144,7218
6542,144,7219
6542,144,7225
6542,144,7229
6542,144,7231
6542,145,7274
6542,145,7277
6542,145,7281
6542,145,7296
6542,146,7304
6542,146,7309
6542,146,7312
6542,146,7318
6542,146,7323
6542,146,7342
6542,146,7344
6542,147,7361
6542,147,7382
6542,147,7391
6542,147,7393
6542,147,7397
6542,147,7399
6542,147,7400
6542,149,7452
6542,149,7470
6542,149,7475
6542,150,7503
6542,150,7514
6542,150,7530
6542,150,7544
6542,150,7548
6542,151,7568
6542,151,7569
6542,151,7570
6542,151,7580
6542,151,7582
6542,151,7585
6542,151,7587
6542,151,7588
6542,151,7593
6542,151,7599
6542,192,9606
6542,192,9628
6542,192,9640
6542,192,9643
6542,193,9654
6542,193,9657
6542,193,9692
6542,193,9693
6542,193,9695
6572,189,9463
6572,189,9467
6572,189,9472
6572,189,9484
6572,189,9488
6572,189,9491
6572,189,9496
6572,189,9500
6572,190,9501
6572,190,9502
6572,190,9504
6572,190,9522
6572,190,9524
6572,190,9539
6572,190,9546
6572,191,9560
6572,191,9562
6572,191,9565
6572,191,9566
6572,191,9567
6572,192,9618
6572,193,9664
6572,193,9665
6572,193,9683
6572,194,9706
6572,194,9714
6572,195,9757
6572,195,9765
6572,195,9767
6572,195,9777
6572,195,9779
6572,195,9787
6572,196,9801
6572,196,9805
6572,196,9808
6572,196,9817
6572,196,9828
6572,196,9836
6572,196,9850
6572,197,9861
6572,197,9875
6572,197,9879
6572,198,9928
6572,198,9932
6572,198,9942
6572,198,9946
6572,198,9948
6544,72,3601
6544,72,3603
6544,72,3611
6544,72,3622
6544,72,3623
6544,72,3630
6544,73,3662
6544,73,3671
6544,73,3681
6544,73,3691
6544,73,3697
6544,74,3704
6544,74,3705
6544,74,3745
6544,75,3760
6544,75,3777
6544,75,3783
6544,75,3787
6544,75,3793
6544,76,3810
6544,76,3813
6544,76,3819
6544,76,3834
6544,76,3835
6544,76,3837
6544,76,3844
6544,76,3846
6544,77,3861
6544,77,3862
6544,77,3872
6544,77,3873
6544,77,3875
6544,77,3889
6544,77,3892
6544,77,3893
6544,78,3934
6544,78,3950
6544,79,3951
6544,79,3953
6544,79,3961
6544,79,3973
6544,79,3975
6544,79,3978
6544,79,3980
6544,79,3996
6544,79,4000
6544,80,4007
6544,80,4025
6544,80,4033
6544,81,4060
6544,81,4073
6544,81,4083
6544,81,4084
6544,81,4092
6521,86,4302
6521,86,4330
6521,86,4344
6521,86,4349
6521,87,4354
6521,87,4360
6521,87,4376
6521,87,4377
6521,90,4515
6521,90,4536
6521,90,4544
6521,94,4708
6521,94,4712
6521,94,4734
6521,94,4739
6521,98,4901
6521,98,4911
6521,98,4918
6521,98,4945
6521,98,4949
6521,102,5130
6521,102,5131
6521,102,5150
6521,106,5312
6521,106,5321
6521,110,5506
6521,110,5523
6521,110,5529
6521,123,6165
6521,123,6179
6521,123,6184
6521,127,6354
6521,127,6370
6521,127,6377
6521,127,6379
6521,127,6386
6517,51,2559
6517,51,2569
6517,51,2575
6517,51,2595
6517,52,2608
6517,52,2626
6517,52,2635
6517,52,2644
6517,53,2656
6517,53,2671
6517,53,2676
6517,53,2685
6517,54,2704
6517,54,2719
6517,54,2746
6517,55,2763
6517,55,2765
6517,55,2771
6517,55,2786
6517,55,2798
6517,56,2816
6517,56,2849
6517,57,2853
6517,57,2860
6517,57,2867
6517,57,2887
6517,58,2905
6517,58,2914
6517,58,2940
6517,59,2977
6517,59,2982
6517,59,2989
6573,66,3301
6573,66,3308
6573,66,3312
6573,67,3373
6573,67,3377
6573,67,3389
6573,68,3413
6573,68,3414
6573,68,3419
6573,69,3470
6573,70,3505
6573,70,3510
6573,70,3519
6573,70,3544
6573,71,3553
6573,71,3570
6573,71,3575
6573,72,3601
6573,72,3620
6573,72,3627
6573,72,3642
6573,72,3644
6573,73,3661
6573,73,3666
6573,73,3677
6573,74,3711
6573,74,3740
6573,74,3746
6573,74,3748
6573,75,3760
6573,75,3762
6573,75,3769
6573,75,3781
6573,75,3787
6573,75,3793
6529,29,1454
6529,29,1457
6529,29,1462
6529,29,1467
6529,29,1477
6529,30,1503
6529,30,1517
6529,30,1521
6529,30,1529
6529,30,1538
6529,31,1557
6529,31,1571
6529,31,1576
6529,31,1586
6529,32,1603
6529,32,1628
6529,32,1635
6529,33,1651
6529,33,1659
6529,33,1680
6529,33,1686
6529,33,1687
6529,33,1695
6529,33,1696
6529,33,1697
6529,33,1698
6529,33,1699
6529,34,1728
6529,34,1747
6529,35,1753
6529,35,1754
6529,35,1764
6529,35,1781
6529,36,1806
6529,36,1815
6529,36,1824
6529,37,1862
6529,37,1870
6529,37,1875
6529,37,1881
6529,37,1893
6529,38,1903
6529,38,1925
6529,38,1942
6529,38,1944
6529,38,1950
6544,147,7356
6544,147,7361
6544,147,7370
6544,147,7387
6544,147,7392
6544,148,7402
6544,148,7408
6544,148,7428
6544,148,7432
6544,148,7433
6544,148,7446
6544,149,7451
6544,149,7460
6544,149,7465
6544,149,7477
6544,149,7482
6544,149,7484
6544,149,7493
6544,150,7507
6544,150,7528
6544,150,7538
6544,150,7540
6544,150,7541
6544,151,7551
6544,151,7563
6544,151,7589
6544,151,7592
6544,151,7593
6544,161,8055
6544,161,8062
6544,161,8067
6544,161,8074
6544,161,8080
6544,161,8091
6544,161,8096
6544,169,8460
6544,169,8495
6544,173,8651
6544,173,8662
6544,173,8671
6544,173,8680
6544,173,8681
6544,173,8683
6544,173,8693
6544,173,8694
6544,193,9651
6544,197,9869
6544,197,9885
6544,197,9886
6544,197,9890
6563,31,1577
6563,31,1593
6563,31,1594
6563,32,1601
6563,32,1605
6563,32,1619
6563,32,1626
6563,32,1644
6563,33,1670
6563,33,1671
6563,33,1685
6563,33,1686
6563,34,1702
6563,34,1704
6563,34,1719
6563,34,1725
6563,34,1730
6563,34,1750
6563,35,1754
6563,35,1778
6563,35,1785
6563,35,1796
6563,35,1797
6563,36,1801
6563,36,1802
6563,36,1803
6563,36,1817
6563,37,1857
6563,37,1859
6563,37,1860
6563,37,1866
6563,37,1881
6563,37,1889
6563,38,1910
6563,38,1915
6563,38,1932
6563,38,1939
6563,39,1976
6563,39,1979
6563,39,1983
6563,60,3032
6563,60,3036
6563,60,3039
6563,60,3041
6563,60,3050
6564,199,9961
6564,199,9978
6564,199,9993
6564,199,9999
6564,199,10000
6564,200,10021
6564,200,10022
6564,200,10026
6564,200,10031
6564,200,10039
6564,201,10056
6564,201,10058
6564,201,10059
6564,201,10063
6564,202,10115
6564,202,10135
6564,202,10136
6564,202,10145
6564,203,10183
6564,203,10187
6564,203,10192
6564,204,10224
6564,204,10227
6564,204,10232
6564,204,10246
6564,204,10249
6564,205,10263
6564,206,10335
6564,206,10347
6564,207,10352
6564,207,10368
6564,207,10385
6564,208,10401
6564,208,10417
6564,208,10424
6564,208,10434
6564,208,10436
6564,208,10445
6564,208,10449
6533,133,6667
6533,133,6699
6533,134,6701
6533,134,6737
6533,135,6751
6533,135,6770
6533,135,6778
6533,135,6782
6533,135,6785
6533,136,6824
6533,136,6834
6533,137,6857
6533,137,6859
6533,137,6863
6533,137,6875
6533,139,6956
6533,139,6965
6533,139,6992
6533,140,7012
6533,140,7022
6533,140,7028
6533,140,7037
6533,141,7058
6533,141,7080
6533,142,7111
6533,142,7115
6533,142,7142
6542,0,1
6542,0,16
6542,0,23
6542,0,27
6542,3,152
6542,3,159
6542,3,163
6542,3,172
6542,3,196
6542,7,378
6542,7,383
6542,11,553
6542,11,561
6542,11,574
6542,11,578
6542,14,720
6542,14,732
6542,14,743
6542,14,749
6542,15,752
6542,15,765
6542,15,787
6542,15,791
6542,15,794
6542,15,796
6542,18,903
6542,18,916
6542,18,917
6542,18,931
6542,19,956
6542,19,963
6542,19,972
6542,19,992
6542,19,999
6542,22,1106
6542,22,1121
6542,22,1134
6542,22,1149
6542,23,1184
6507,54,2722
6507,54,2723
6507,54,2740
6507,54,2750
6507,55,2756
6507,55,2763
6507,55,2778
6507,55,2789
6507,55,2790
6507,55,2792
6507,56,2805
6507,56,2834
6507,56,2837
6507,56,2839
6507,56,2848
6507,57,2867
6507,57,2873
6507,57,2887
6507,57,2899
6507,58,2904
6507,58,2910
6507,58,2947
6507,59,2954
6507,59,2963
6507,59,2969
6507,59,2971
6507,60,3020
6507,60,3038
6507,61,3079
6507,61,3081
6507,61,3097
6507,61,3099
6507,62,3114
6507,62,3124
6507,62,3125
6507,62,3126
6507,62,3129
6507,62,3138
6507,62,3148
6507,63,3174
6507,63,3177
