run_number,subrun_number,event_number
5343,23,1179
5169,160,8049
5169,163,8193
5171,70,3510
5262,180,9047
5365,4,236
4986,46,2343
5261,10,542
5217,4,206
5102,43,2200
5171,26,1309
5151,186,9336
4971,48,2409
4971,48,2446
4971,51,2597
5151,116,5823
5155,146,7350
5153,19,952
5263,12,649
5233,73,3666
5339,63,3158
5361,210,10514
4983,19,995
5153,82,4143
4962,97,4862
4962,97,4895
5270,32,1631
4969,78,3913
5331,155,7795
5339,16,832
5339,17,873
5333,80,4037
5025,105,5293
5059,24,1204
5151,140,7037
5124,24,1239
5050,2,101
5049,28,1413
5051,1,68
5334,19,957
5334,21,1059
5025,36,1815
5049,74,3728
5201,33,1651
4977,5,286
4977,6,320
5235,74,3735
5195,24,1206
5195,26,1345
5029,139,6959
5051,4,224
5227,18,920
5013,106,5312
5034,9,482
5075,4,208
4957,55,2773
4957,56,2846
4992,47,2373
5051,71,3552
5262,174,8719
5331,21,1100
5233,99,4986
5233,99,4989
5134,35,1751
5134,35,1796
5177,20,1038
5169,6,314
5263,14,721
4967,1,70
5214,61,3089
5019,76,3838
5041,28,1425
5108,33,1684
5071,46,2309
5280,20,1013
5280,12,610
5092,83,4173
5331,172,8641
5108,41,2093
5157,16,820
5207,1,58
4998,143,7181
4969,39,1976
4979,22,1119
5001,56,2840
4978,14,732
5229,80,4032
5055,18,922
5013,19,980
5262,185,9271
5147,58,2905
5190,31,1571
4982,2,104
4982,3,166
5031,7,396
4955,5,288
5281,34,1732
5281,34,1748
5281,37,1859
4992,133,6670
5042,7,387
5201,52,2645
5201,109,5476
5013,136,6815
4954,14,708
4954,17,865
5005,31,1594
5262,31,1591
5268,11,556
5087,13,686
5001,44,2205
5151,193,9684
5332,32,1645
4992,10,533
5010,10,534
5263,21,1086
5333,88,4440
5005,66,3322
5146,47,2397
5092,143,7163
5151,86,4335
5084,79,3970
5005,68,3418
5227,28,1430
5203,10,549
5203,11,570
5213,1,62
5213,3,186
4962,93,4694
4962,94,4734
4962,96,4811
4953,3,170
5060,23,1163
5331,45,2260
5280,98,4912
5127,135,6789
5144,8,430
5169,141,7090
5075,56,2839
5025,41,2081
5025,42,2139
4971,182,9103
5092,58,2923
5347,1,63
4992,97,4872
5187,205,10268
5154,44,2221
5179,135,6760
5029,189,9477
5059,85,4284
5092,21,1099
5333,43,2188
5235,32,1650
5354,3,191
5095,38,1938
5024,12,639
5024,13,698
5024,15,776
5262,179,8968
5046,58,2914
5205,24,1240
4971,125,6262
5216,3,164
5203,78,3947
5169,97,4859
4977,33,1682
5191,77,3899
5337,75,3777
4971,45,2275
5337,29,1459
5005,90,4503
4953,65,3258
5215,42,2132
5155,121,6100
5203,58,2902
5051,115,5756
5031,110,5533
5075,22,1143
5141,2,128
5005,157,7858
5005,158,7941
5169,220,11031
5211,43,2187
5341,106,5316
5051,8,405
5154,60,3027
5340,72,3636
5332,57,2864
5187,161,8083
5262,43,2194
5262,194,9743
5262,195,9765
5171,29,1500
4978,48,2413
5092,180,9010
5042,18,934
5043,1,91
5227,6,337
5227,10,546
5364,197,9869
4962,32,1629
5029,102,5127
5342,1,77
5275,21,1052
5190,3,196
4955,47,2382
5204,95,4772
5204,95,4789
4958,9,489
4958,11,566
5280,138,6905
5164,47,2380
5157,109,5478
5034,54,2749
4986,42,2148
5029,72,3628
4992,108,5435
5125,19,996
5092,88,4410
5092,89,4480
4966,1,52
5216,18,901
5002,48,2413
4962,145,7253
5333,22,1143
5333,24,1226
5084,87,4352
4955,97,4870
5273,96,4824
5337,59,2995
4992,139,6963
5093,50,2543
4982,35,1753
5151,60,3009
5211,45,2290
4957,66,3307
4987,25,1261
5263,34,1724
5005,124,6240
5332,62,3104
5235,64,3237
4974,11,584
5214,44,2239
5203,42,2112
4962,4,222
4962,7,391
5273,155,7794
5087,0,9
5041,44,2234
5233,52,2602
4957,132,6616
5013,116,5808
5013,119,5957
4952,56,2813
5029,136,6842
5229,43,2160
5331,192,9644
5331,195,9763
5147,1,55
5147,5,255
4981,28,1440
4952,64,3232
4955,114,5745
5207,9,481
5049,5,259
5331,92,4621
4957,6,338
5190,21,1057
5216,11,553
4974,10,537
5203,64,3236
4992,72,3616
4982,152,7634
5344,60,3040
5093,122,6110
5187,35,1790
5187,143,7156
4953,29,1468
5361,215,10757
5203,97,4876
5331,224,11245
5157,103,5163
5240,4,211
4967,22,1147
4967,25,1279
5091,29,1491
5091,30,1515
5091,31,1559
5341,35,1775
5013,88,4410
5093,127,6374
5341,60,3048
5164,53,2654
5164,55,2789
5164,55,2794
4955,117,5900
4955,118,5937
5091,19,989
5187,134,6729
5031,78,3916
5090,104,5248
5090,106,5334
5093,78,3908
4975,21,1079
5153,109,5484
5179,159,7989
5179,161,8056
5151,110,5541
5280,70,3503
5361,188,9439
4983,47,2377
5275,52,2641
5127,74,3727
5025,15,781
5278,84,4234
5079,12,648
5179,122,6147
5363,4,235
5274,3,199
5142,22,1149
5049,24,1210
5127,30,1520
5127,33,1663
5229,55,2753
5204,149,7452
5050,3,184
5269,31,1561
5059,45,2293
5270,24,1210
5270,28,1429
5208,132,6616
5090,189,9492
4979,120,6017
4982,102,5107
5204,133,6689
5361,95,4761
5005,34,1710
5019,24,1235
5207,108,5435
5366,12,648
5014,1,75
5154,5,261
5338,1,95
5266,14,738
4974,8,403
4974,8,409
5016,32,1631
4962,152,7641
5099,39,1963
5059,16,802
4966,0,36
5151,45,2263
5154,73,3679
5348,17,875
5171,65,3295
5261,19,951
5237,6,345
5237,7,377
5194,0,48
5124,51,2560
5195,8,417
4955,28,1431
5099,65,3259
4962,157,7856
5005,123,6163
5002,8,418
5341,155,7790
5047,5,300
5151,39,1973
4955,24,1217
5278,97,4888
5060,94,4711
5168,6,331
5332,74,3722
5041,55,2791
5147,2,109
5078,8,449
5092,29,1455
5100,2,138
5100,3,189
5262,136,6836
5262,138,6938
5361,10,534
5263,17,881
5099,41,2096
5191,99,4990
4962,50,2508
5019,96,4807
5019,96,4839
5019,96,4844
5090,126,6346
4986,66,3338
5155,105,5259
5041,30,1509
5154,45,2271
5151,65,3297
5051,99,4976
5217,44,2203
5235,17,857
5002,30,1527
5133,20,1005
5133,20,1046
5133,22,1143
5102,32,1606
4971,72,3602
5034,88,4410
5199,5,281
4962,127,6363
5169,168,8417
4992,92,4611
5263,3,165
5021,44,2202
5233,120,6027
5263,54,2709
5361,68,3413
5208,109,5470
5157,45,2265
5185,31,1568
5277,6,302
4983,0,40
4983,4,203
4975,34,1718
5146,45,2293
5169,91,4551
5029,52,2648
5078,14,722
4962,75,3772
5280,43,2162
5185,21,1065
4969,117,5885
5124,43,2167
4955,89,4453
5087,5,299
5151,226,11335
5074,29,1453
5029,114,5718
4987,42,2131
4992,100,5039
5005,154,7737
5344,33,1657
5179,25,1262
5013,179,8975
5154,82,4124
5092,84,4205
5082,4,222
5187,120,6023
5187,121,6080
5341,126,6314
5217,52,2620
4983,33,1693
5154,137,6894
5153,54,2731
5337,187,9395
5179,13,693
5169,150,7542
5090,94,4740
4998,30,1503
4978,51,2589
5216,23,1189
5046,24,1210
5271,0,22
5084,91,4586
5262,17,888
5071,24,1214
5051,173,8685
5106,182,9146
4987,9,484
5090,152,7639
5144,28,1417
5364,130,6502
5046,56,2812
5212,40,2011
5227,16,850
5340,83,4180
5095,31,1557
5046,79,3998
4998,119,5992
5091,45,2276
5203,49,2478
5127,106,5307
5239,18,926
5215,2,118
5029,123,6190
4998,32,1630
5153,56,2837
5331,220,11009
5331,220,11031
5136,52,2603
5155,73,3674
5082,18,907
5034,2,128
4952,99,4972
5278,26,1309
5340,33,1654
5340,35,1768
5133,40,2005
5031,105,5287
5016,43,2164
5133,5,286
4955,55,2751
5031,37,1883
5278,48,2422
5084,138,6908
5084,137,6851
4954,2,115
5009,9,495
5031,79,3960
5031,91,4556
5144,26,1339
5144,26,1341
5146,14,702
5146,15,782
5263,32,1619
5157,35,1776
5179,96,4821
5099,2,132
5195,35,1781
5366,2,118
4981,39,1965
5041,73,3676
5093,20,1036
5090,28,1435
4971,68,3428
4962,161,8069
4979,111,5555
5278,39,1989
5278,39,1994
5154,47,2385
5337,80,4009
5084,30,1523
5010,3,158
5159,12,605
5038,66,3312
5092,49,2459
5092,49,2485
5071,60,3031
5362,27,1383
5207,86,4331
4981,47,2357
4962,23,1151
5275,17,866
5187,220,11041
5331,121,6063
5005,104,5206
5208,63,3166
5142,5,291
5084,128,6401
4957,101,5098
4955,131,6580
5266,2,113
5051,75,3770
4962,36,1824
4957,47,2373
5269,23,1152
5091,55,2779
5229,77,3889
5184,6,311
5070,21,1058
5154,181,9073
5217,49,2454
4962,10,513
5059,9,462
5059,9,480
5013,126,6348
4982,153,7698
5184,15,761
5024,8,419
5280,100,5032
5011,31,1551
5364,137,6878
5198,17,870
5364,66,3310
4955,10,510
4955,11,563
4955,11,576
5269,8,410
5093,167,8383
5001,19,982
5214,24,1243
5005,208,10424
5005,212,10636
5364,97,4865
5099,13,692
5217,12,601
4971,78,3923
5127,137,6894
4969,24,1242
5124,47,2384
5024,16,822
5135,0,21
5177,22,1122
4969,114,5711
5281,26,1322
5281,26,1343
5029,163,8185
5099,71,3593
5051,103,5156
5018,0,4
5344,54,2707
5364,55,2774
4977,25,1284
5019,86,4337
4998,169,8489
5157,116,5802
5334,39,2000
5341,49,2452
5942,23,1181
6596,77,3851
6479,22,1118
6479,23,1159
5749,15,761
5367,17,879
5835,425,21290
5455,95,4761
5187,166,8328
5157,90,4514
5831,3,171
5051,199,9987
6338,42,2140
5656,29,1489
5102,5,251
4999,63,3183
6626,15,782
5102,54,2739
4997,15,763
6696,43,2153
6185,1,83
6011,49,2477
5746,34,1726
5191,36,1848
5106,32,1626
6526,19,974
6347,84,4244
5985,125,6291
5044,5,290
6683,165,8289
6096,46,2324
5625,170,8512
6282,0,28
6548,31,1592
5957,22,1131
6352,2,124
6352,3,192
6282,43,2168
6461,90,4539
6666,72,3641
6217,60,3026
4957,39,1989
6417,192,9613
5191,84,4205
5211,65,3290
5900,9,499
6192,79,3993
5399,67,3388
5368,48,2418
5368,48,2424
5632,35,1792
6667,62,3128
6609,17,855
6592,155,7794
6341,79,3979
6298,35,1777
4977,24,1222
6423,165,8257
5192,21,1072
4971,152,7647
4962,19,960
6571,85,4280
6300,100,5005
6658,6,316
6199,2,142
5767,21,1051
4975,35,1780
4975,36,1812
6033,49,2464
6033,50,2519
6286,106,5326
6282,57,2877
6320,72,3632
4991,39,1974
5344,47,2379
5606,58,2915
5606,58,2945
6590,65,3268
5935,11,552
6030,23,1174
6387,39,1983
4989,0,16
4989,2,107
5201,47,2351
5332,71,3559
5332,73,3697
5960,30,1537
5042,26,1315
6436,11,588
5842,36,1842
5832,140,7031
5616,4,229
6076,136,6850
5102,39,1967
5875,362,18120
5433,37,1877
5783,107,5358
5783,129,6476
5169,214,10735
5386,69,3475
6168,80,4044
5624,73,3667
5977,125,6300
6007,80,4050
5716,0,5
5836,122,6134
6581,0,37
6581,3,198
6281,11,572
5653,102,5146
6482,44,2228
5875,48,2437
6021,13,696
6021,14,722
6698,27,1363
4981,21,1054
5625,26,1320
6360,107,5389
5845,43,2195
5262,168,8428
6637,21,1076
6637,22,1138
5909,40,2014
5192,15,772
5819,105,5260
5455,14,703
5933,63,3151
6653,95,4775
5090,58,2942
6309,29,1459
6376,57,2897
6383,34,1722
6190,127,6376
5364,156,7820
5071,37,1895
5412,6,318
6583,180,9029
5025,146,7347
6341,43,2165
6446,23,1185
5184,12,614
5971,117,5881
5091,11,577
4982,100,5034
6483,46,2326
6483,48,2419
5427,23,1178
6004,136,6805
5339,84,4230
6529,83,4188
5214,18,913
6106,34,1737
6549,67,3370
6664,106,5313
6664,106,5342
5705,88,4419
6615,139,6968
6666,50,2525
5781,11,600
4988,8,429
6642,31,1592
6642,31,1594
6562,64,3216
6649,74,3703
5625,160,8001
6617,9,459
5071,66,3342
6425,179,8983
5144,17,861
6428,19,1000
6428,21,1092
6647,26,1319
5046,6,304
5201,19,951
5051,144,7243
6463,15,773
6059,50,2527
5985,88,4442
6534,51,2597
5341,116,5823
5932,41,2054
6352,18,902
5154,114,5710
6462,60,3035
5001,25,1259
5101,1,78
5835,307,15372
6359,72,3605
5041,18,930
5985,157,7876
6616,55,2775
6123,2,109
5823,255,12777
5208,136,6823
6234,2,104
6219,76,3826
6283,30,1524
6647,167,8390
5588,43,2151
6685,4,244
5364,155,7782
5625,58,2931
6201,21,1051
6058,32,1617
5382,66,3318
5034,47,2363
6046,113,5674
6625,30,1538
5055,27,1398
5092,74,3707
6300,10,550
5915,105,5273
5971,127,6372
6412,72,3603
6412,75,3795
5929,53,2661
6382,103,5198
6478,54,2706
5169,65,3266
5169,67,3359
5753,21,1089
5753,21,1098
6683,206,10336
6091,207,10354
6467,160,8038
5752,114,5727
6508,22,1147
6362,61,3077
6600,88,4437
6100,2,150
6404,86,4310
5614,33,1683
6375,23,1165
5179,137,6854
5869,199,9957
6334,102,5109
6235,84,4244
5444,12,631
6439,78,3929
5340,7,355
5341,141,7093
5341,143,7186
5272,41,2090
6564,43,2165
6327,45,2263
6453,100,5046
6482,59,2961
6668,85,4270
6226,149,7465
6448,90,4526
5826,19,979
6468,62,3101
6446,39,1982
6653,90,4530
6583,22,1140
5086,42,2130
6551,153,7654
5977,22,1118
6402,39,1984
6358,67,3399
5341,52,2611
5959,8,437
5025,59,2954
6369,145,7254
5782,30,1550
6123,29,1491
6004,52,2649
6118,103,5189
6070,50,2524
6490,49,2499
6379,180,9006
5979,123,6173
4962,70,3537
5693,5,254
6606,98,4949
5968,22,1118
5204,49,2472
5051,153,7678
5171,44,2215
6081,4,218
5045,3,174
6298,36,1812
6176,171,8564
6529,106,5315
6549,150,7502
5960,1,91
5908,20,1004
6542,157,7885
5099,52,2608
6324,90,4520
5397,54,2730
6327,56,2816
6667,44,2245
6558,123,6156
6201,45,2269
5019,84,4208
5019,84,4247
5211,24,1233
5211,25,1267
6525,54,2722
6423,55,2758
6314,64,3216
6534,9,472
6671,27,1374
6671,27,1389
6300,11,554
5095,105,5266
6205,64,3208
6226,118,5911
6594,15,793
5207,150,7537
6633,29,1462
6381,92,4610
6489,130,6524
6329,17,876
6027,48,2438
5918,9,457
6656,46,2312
6092,96,4830
5382,112,5629
5184,20,1013
5729,82,4105
6341,75,3795
6219,5,288
5895,42,2145
6596,56,2802
6596,58,2918
5455,73,3677
6168,97,4868
6168,100,5018
5278,69,3453
6233,2,131
6233,18,903
5179,33,1691
5363,14,742
5092,134,6746
5092,135,6765
5013,81,4069
6163,31,1583
5654,28,1435
5654,29,1482
5269,82,4137
5706,34,1715
5371,2,113
5804,22,1136
6027,119,5955
4955,92,4634
6463,145,7283
6052,87,4373
6004,110,5514
4982,87,4375
6379,71,3580
5910,86,4312
6377,43,2181
5971,61,3087
5971,62,3121
5933,115,5758
6482,101,5097
6300,143,7173
6201,47,2399
6280,58,2922
6280,59,2972
5160,5,288
6630,113,5692
6183,14,713
6558,15,770
6609,49,2477
6649,7,378
6658,12,636
5041,58,2936
6640,8,401
5444,2,146
5340,97,4870
6165,20,1039
6467,59,2977
6467,63,3151
4962,142,7105
4957,156,7831
6160,35,1773
5966,201,10059
5354,4,211
5854,143,7163
5136,19,993
6605,61,3068
6004,46,2339
6534,2,140
6690,135,6764
6589,30,1547
5154,35,1768
6489,102,5115
6380,103,5175
5331,185,9287
4982,13,670
5340,48,2441
5920,26,1318
5920,26,1339
6163,15,796
5187,169,8458
5227,26,1312
6369,140,7019
5776,52,2636
5625,66,3343
5090,162,8119
5904,50,2504
6644,19,966
6105,50,2523
6105,51,2563
5029,157,7883
5029,158,7937
6698,86,4321
6478,52,2625
6478,53,2688
5340,105,5278
5725,42,2121
5835,119,5951
5370,29,1499
6326,105,5267
5977,99,4991
6218,79,3991
5437,138,6927
5366,7,374
6463,50,2544
4979,105,5275
6600,127,6399
5851,17,877
5636,37,1878
6529,48,2412
5215,44,2228
5351,110,5514
5597,38,1939
6115,44,2242
6027,96,4814
5586,132,6616
6080,126,6345
5853,101,5075
5095,16,840
6381,119,5995
6381,120,6026
6551,159,7974
6622,50,2511
5986,34,1713
5409,20,1019
5420,0,33
6375,96,4845
6354,11,554
6521,54,2705
5761,6,321
5371,10,538
5371,11,557
5454,112,5601
6423,190,9538
5440,21,1087
5848,91,4578
6327,31,1570
6407,155,7795
6439,60,3037
6634,165,8289
5418,86,4343
6553,3,199
5849,18,947
5853,345,17254
5853,347,17352
5932,24,1216
6479,26,1322
6571,127,6356
5822,33,1669
5774,35,1755
6633,49,2482
6663,169,8451
6544,281,14061
6687,206,10349
6349,40,2015
6489,3,182
6504,9,458
6652,8,427
5143,20,1003
6446,92,4617
6676,63,3182
5650,54,2735
6448,104,5247
6056,34,1738
5825,10,507
5985,79,3972
6343,18,948
6621,16,805
6621,16,827
5921,48,2417
6206,35,1792
6074,31,1563
6506,155,7792
6304,89,4484
6379,112,5623
6444,23,1174
5384,34,1727
6490,115,5772
6145,53,2672
6145,54,2721
6015,86,4306
6631,94,4724
5376,35,1778
6313,45,2300
6574,9,491
6479,30,1533
6187,11,578
6298,17,885
5418,130,6537
6325,50,2549
6356,25,1257
6614,82,4140
6407,140,7017
6666,66,3338
6528,114,5716
5946,23,1159
6664,231,11583
6599,108,5410
5382,116,5835
5445,6,338
6687,40,2015
6300,179,8954
6611,56,2835
5411,141,7078
6406,133,6686
5044,106,5319
6199,122,6110
6366,34,1713
5887,9,464
5887,11,557
5056,56,2812
5935,34,1740
6007,103,5178
6490,119,5990
6425,138,6930
6162,156,7820
5758,74,3702
6571,199,9972
6341,107,5386
6341,111,5582
6653,132,6634
6653,133,6692
5854,118,5906
6092,148,7449
5437,9,495
5437,10,530
6190,99,4974
6190,99,4988
6102,82,4114
6462,64,3229
5449,36,1822
5639,106,5341
5733,41,2095
5606,13,668
6387,29,1461
6359,63,3161
6015,13,690
5588,49,2500
5139,105,5281
6404,72,3627
6375,81,4100
5933,199,9987
6634,160,8024
6356,40,2002
5947,88,4446
6146,50,2541
6546,70,3511
6630,75,3770
6630,75,3796
5437,96,4801
5437,96,4841
6571,114,5719
5456,0,2
5976,15,759
5746,0,3
6552,48,2402
5399,37,1858
5708,4,246
5708,6,346
6444,50,2530
6621,31,1597
6679,119,5966
5011,15,770
5767,73,3654
5767,75,3757
6506,108,5414
5418,103,5196
6184,46,2334
6031,56,2814
6031,56,2818
6021,171,8591
6176,213,10694
6080,158,7938
6206,57,2879
6475,16,830
6334,31,1551
5377,40,2022
6596,156,7838
5848,150,7510
6579,0,30
6573,24,1224
6366,21,1051
5835,113,5670
6640,47,2398
6640,48,2448
6667,55,2773
6564,194,9728
5653,42,2138
6094,21,1077
6022,22,1131
5044,23,1158
6299,15,774
6421,25,1266
5619,2,128
5617,43,2162
6098,29,1486
6565,198,9912
6356,133,6685
6592,96,4806
6592,103,5167
6192,53,2690
5624,17,895
6647,226,11337
5853,324,16223
5929,50,2512
6379,150,7521
6140,54,2742
6406,24,1241
6353,109,5471
5611,87,4369
6640,102,5135
5735,10,511
5949,22,1114
6551,159,7974
6527,43,2180
6439,7,351
6021,91,4592
6344,14,721
6198,41,2084
6448,26,1316
5762,99,4978
5639,123,6167
6314,15,795
6210,18,931
6341,17,874
5600,145,7271
5419,35,1790
6058,153,7669
5618,23,1165
6282,77,3864
5971,92,4601
5971,121,6093
6324,138,6928
6540,19,984
5767,121,6095
6407,5,299
5929,97,4888
6407,53,2692
6596,85,4294
6321,57,2871
6321,9,482
6339,74,3723
6303,72,3603
6303,95,4781
6318,35,1764
6649,51,2593
5605,49,2470
5869,67,3372
6619,12,622
5091,52,2631
5643,31,1572
5957,3,178
6616,77,3868
6192,94,4735
6572,134,6733
5966,152,7636
6599,14,701
6022,129,6470
5385,103,5196
5418,134,6720
6347,114,5724
6551,62,3143
5710,68,3406
5597,48,2404
6507,97,4879
5587,14,741
5906,138,6913
6147,19,971
6608,25,1262
5433,134,6750
6664,75,3758
5824,113,5674
6366,13,667
6666,44,2247
5890,0,21
6631,96,4808
6663,100,5005
5727,66,3333
6381,183,9178
6286,9,483
5979,40,2046
6138,78,3926
5639,32,1647
5639,33,1697
6340,167,8375
6577,85,4270
6577,87,4377
6153,3,172
6195,38,1941
5600,177,8890
6149,23,1181
6695,56,2804
6412,0,41
6301,19,957
6583,148,7410
6082,10,506
5953,8,414
5691,21,1092
6324,10,523
6324,10,535
5961,99,4989
6619,17,891
6486,25,1270
6486,25,1277
6631,61,3070
5824,307,15380
5721,3,151
6397,2,104
5455,66,3339
6487,45,2264
5451,31,1574
5370,17,894
6507,168,8432
5925,54,2723
6341,71,3593
6359,48,2412
5412,95,4778
5412,95,4786
5959,5,283
6036,10,549
6535,50,2520
6162,115,5794
6303,33,1667
6336,31,1561
5848,56,2835
6525,29,1478
6304,110,5501
6304,113,5675
5925,33,1684
5925,35,1769
6217,116,5842
6542,33,1678
5722,17,879
6640,80,4020
5705,187,9375
6184,19,996
6544,169,8481
6362,68,3442
6606,81,4071
6657,6,307
6657,7,384
6657,7,398
6653,74,3735
5963,4,233
5758,9,476
6301,151,7552
5830,182,9111
6426,72,3650
6608,26,1344
6387,15,792
6609,51,2551
6114,60,3037
4999,113,5662
4999,116,5846
6151,5,283
6549,21,1074
6297,16,829
6118,138,6904
6110,14,714
6021,89,4468
6417,79,3962
6343,47,2363
6425,9,474
5975,27,1398
6524,22,1109
5774,93,4684
5774,94,4747
5125,15,766
6146,1,52
6326,26,1325
5822,40,2013
6626,20,1001
5824,193,9651
5824,193,9694
6527,65,3299
6583,125,6294
5719,69,3488
6234,20,1006
5418,62,3150
5602,81,4077
6507,7,361
6479,52,2630
5384,66,3343
5894,110,5517
5611,50,2516
5654,59,2994
6140,71,3583
6110,111,5571
5984,7,364
5984,7,365
6606,28,1449
6517,19,980
6517,20,1010
6299,42,2133
6565,8,424
5697,21,1096
5697,23,1172
6173,100,5012
5377,30,1526
6664,219,10954
6341,4,232
6153,19,997
5925,10,526
6490,89,4497
6589,12,617
6633,31,1555
6046,32,1643
6046,36,1819
6155,4,250
6534,34,1741
6004,172,8640
5914,73,3655
6332,100,5016
6332,100,5035
6521,14,724
5371,22,1124
5371,24,1235
5385,156,7818
5709,117,5881
5765,62,3122
6367,28,1419
6529,63,3196
6015,91,4555
6562,187,9390
6092,176,8824
6510,20,1022
6114,149,7468
5876,60,3027
6281,81,4085
5767,57,2867
6201,70,3522
6448,52,2627
6683,235,11781
5986,34,1713
6640,135,6794
6583,85,4293
5411,138,6905
5727,49,2484
6457,75,3788
5647,34,1738
6354,11,554
6138,79,3966
5703,50,2522
6548,42,2117
6548,44,2236
6467,55,2760
6686,25,1255
6565,189,9478
6380,32,1626
5625,29,1461
6319,44,2250
6410,92,4639
6623,16,817
6517,0,14
6517,0,30
6517,1,54
5892,49,2485
6444,54,2742
6111,61,3096
6478,143,7192
6441,59,2984
6021,215,10770
6583,185,9254
5840,54,2749
6440,182,9141
6598,114,5711
6634,88,4425
5914,61,3082
6640,1,84
6640,1,98
6030,15,786
6340,40,2023
5725,35,1781
6319,21,1054
6490,62,3142
6553,89,4500
6478,76,3819
6679,70,3547
6698,111,5568
6578,67,3384
5385,140,7015
6096,48,2424
6098,131,6588
6547,43,2196
6148,19,996
6299,59,2967
5697,8,422
6412,128,6417
5858,91,4576
6382,173,8695
6486,30,1516
6486,30,1543
6145,71,3599
6091,83,4178
6091,85,4286
6370,55,2800
6350,135,6787
6028,4,208
6028,7,378
5834,19,965
6637,18,920
5384,108,5419
5589,84,4242
5749,32,1650
5749,35,1753
5762,6,320
6211,34,1711
5850,116,5848
6690,45,2293
6184,38,1943
5833,306,15321
5418,106,5335
6367,47,2380
6030,10,503
6030,10,543
6180,0,6
6487,42,2137
6551,63,3184
5869,38,1905
5911,4,241
6579,106,5324
5849,58,2929
6022,48,2401
6535,48,2446
6318,118,5930
6318,120,6042
5588,129,6491
5805,6,314
5455,22,1143
6334,8,418
6092,59,2954
5912,53,2666
6649,24,1219
6572,102,5132
6609,64,3240
6388,41,2062
6343,32,1640
6343,33,1667
5743,13,678
5637,122,6114
6354,123,6190
6183,101,5064
6563,85,4279
5914,63,3168
6383,11,556
6573,67,3354
6573,67,3391
6417,42,2116
5875,33,1693
6369,43,2170
6369,44,2232
6600,79,3959
6348,153,7691
6490,101,5051
5804,37,1898
6090,121,6077
6598,165,8252
6336,107,5389
6336,109,5470
5879,50,2510
6285,14,706
5858,17,886
5986,21,1098
6598,110,5542
6146,53,2690
5410,28,1439
6341,62,3109
6341,62,3138
5000,29,1474
5093,56,2850
6605,166,8316
5386,53,2655
5779,26,1305
5977,192,9630
6563,33,1698
6549,136,6803
5705,35,1762
5767,185,9268
6336,19,992
5762,217,10887
6524,52,2622
6329,5,264
5915,25,1287
5915,26,1321
5412,18,903
5412,18,907
6058,51,2565
4999,85,4252
4999,87,4378
4992,185,9296
6107,2,141
6641,42,2135
6641,43,2158
6425,137,6886
5837,74,3721
6299,23,1188
6427,133,6682
5900,6,330
6153,44,2203
5782,85,4294
6644,27,1393
5923,34,1727
6328,21,1074
6123,73,3657
6490,132,6647
6490,133,6688
6329,15,758
5021,23,1184
5938,43,2155
6451,6,321
5875,81,4095
6387,59,2951
6092,129,6459
5892,15,775
5896,42,2140
6611,76,3806
5056,8,401
6580,1,53
6110,31,1557
6653,49,2481
6535,195,9785
6118,171,8555
5657,1,98
5657,2,110
5657,2,116
5824,78,3943
5393,22,1118
6324,129,6464
6616,60,3030
6563,64,3219
5827,24,1209
6219,147,7374
5618,0,47
5618,7,398
6611,36,1810
6611,36,1815
6611,38,1949
5845,30,1545
6288,13,692
6288,15,761
6417,163,8173
6475,41,2093
6122,171,8556
6687,198,9905
6182,114,5718
6162,102,5122
6407,171,8576
5197,33,1693
6021,233,11673
6616,152,7636
5036,52,2617
6199,141,7066
6360,33,1664
6030,93,4682
5637,90,4506
5712,14,706
6427,61,3061
5704,39,1980
6503,79,3995
6659,45,2262
5604,78,3929
6444,114,5708
6348,105,5291
5588,64,3225
5614,3,199
5691,110,5507
6591,103,5153
5830,22,1128
6605,139,6993
5600,10,511
5368,2,111
6598,82,4112
5623,6,322
6043,128,6421
6544,248,12436
6509,6,307
6634,162,8117
6634,162,8125
6118,22,1131
6317,8,405
6647,241,12091
5938,52,2626
5938,53,2687
6647,113,5679
6333,41,2099
6650,28,1446
6594,70,3516
6628,29,1465
6162,79,3984
6527,79,3963
6527,80,4012
5758,107,5400
5758,108,5449
6457,34,1712
6453,24,1206
6312,104,5208
5449,42,2111
6343,185,9300
5892,32,1627
5428,14,717
5910,49,2489
6583,16,803
6551,101,5053
6623,27,1391
5968,9,481
5409,15,789
6027,30,1538
6339,43,2160
6647,144,7202
6647,147,7352
5394,49,2458
6444,46,2349
5933,130,6513
5385,86,4314
5758,68,3407
5758,79,3993
5810,113,5690
6529,3,173
5891,76,3844
6451,23,1162
6451,23,1163
6379,58,2903
5996,2,116
5940,31,1591
6002,20,1025
6173,205,10285
5869,314,15734
5433,72,3639
6356,26,1301
6356,27,1395
6533,131,6556
5637,100,5008
6080,39,1965
5910,6,335
6510,19,975
6176,141,7098
6565,152,7646
6608,0,14
5755,14,725
6184,70,3519
5853,130,6517
6690,57,2894
6022,111,5573
5845,75,3785
5712,19,954
6480,92,4605
6480,94,4730
5756,15,762
6535,189,9471
5971,3,199
6043,144,7214
6360,49,2464
6332,78,3910
6591,93,4672
5915,133,6670
6098,88,4403
5377,25,1263
6592,21,1060
6021,199,9970
6021,199,9997
6198,151,7599
5933,124,6244
6162,140,7037
6632,4,243
5440,4,241
6564,83,4165
6380,100,5004
6686,29,1492
6453,43,2191
6307,8,424
5722,16,832
6376,90,4514
5741,12,626
5769,41,2063
6486,37,1874
6376,54,2716
6535,229,11488
6030,48,2402
6224,68,3417
6369,149,7492
6680,2,131
5044,26,1326
6320,13,653
6356,170,8549
5727,71,3579
6347,2,149
5804,174,8704
6647,124,6212
5279,80,4002
5782,77,3881
5830,176,8801
5597,62,3145
5985,83,4181
6650,34,1708
5390,17,890
6641,34,1724
5910,37,1887
6338,14,747
5925,144,7213
6281,102,5104
5824,335,16796
5961,44,2226
6094,8,410
5891,147,7365
5588,61,3055
5704,5,293
5704,7,385
6502,121,6098
5899,40,2011
5899,40,2032
5983,46,2349
6506,138,6916
5783,85,4298
6423,24,1236
6199,6,349
6444,148,7427
6311,77,3890
5436,154,7710
5437,164,8225
5845,35,1797
5703,27,1396
6425,185,9296
6598,104,5244
5607,59,2980
5607,61,3051
6028,17,875
6285,24,1213
6548,59,2983
5915,58,2908
6149,54,2721
6558,64,3207
5829,18,905
6404,143,7159
6113,112,5640
6101,46,2305
6517,58,2916
6118,150,7544
5374,20,1003
5971,5,269
5971,6,335
5833,15,783
5233,37,1854
6309,4,208
6309,7,362
6605,44,2232
6446,199,9952
5965,17,888
5804,0,9
6334,3,156
6489,9,466
6575,9,458
6183,43,2188
6382,12,619
6114,12,620
6615,111,5565
6680,87,4389
6063,32,1637
6425,198,9901
5729,33,1663
5729,33,1677
6326,9,493
5386,136,6837
6236,2,146
6592,45,2272
6076,111,5597
5106,59,2999
5352,8,413
6323,52,2639
6461,53,2700
6031,181,9083
6313,73,3696
6021,6,311
5609,19,991
5616,161,8063
5752,130,6534
5752,100,5033
6427,98,4931
6611,85,4283
5617,67,3351
6161,12,641
6596,14,704
6359,11,596
5351,43,2190
4961,5,251
5925,210,10525
6517,46,2325
5404,70,3537
6423,182,9141
5840,33,1688
6070,101,5093
6055,65,3264
4999,96,4803
6218,72,3613
5891,169,8488
6189,0,21
6423,83,4186
6191,30,1523
6330,4,225
5729,42,2101
5905,32,1618
5746,20,1030
5653,79,3961
6408,4,225
5265,26,1316
5397,128,6425
6507,213,10673
6507,214,10703
5695,19,999
6599,48,2449
5586,114,5717
5586,116,5818
6022,44,2231
5375,6,344
5827,125,6261
6123,98,4927
5643,23,1186
6563,129,6500
6427,70,3534
5207,114,5718
5216,54,2733
6374,29,1494
6374,31,1568
6642,44,2246
5834,35,1784
5639,15,757
5948,22,1119
6095,0,35
5643,43,2193
6526,0,38
6526,3,184
5944,0,2
5944,0,21
6482,53,2684
5639,47,2376
5616,93,4662
5848,58,2920
5960,39,1985
5368,89,4492
6079,15,773
6614,40,2030
5875,191,9579
6611,16,820
6611,16,839
6123,136,6840
5441,22,1133
5703,20,1022
5386,32,1643
5386,106,5331
5386,106,5337
6011,82,4119
6122,78,3946
5408,26,1319
5831,17,864
6632,65,3278
6616,85,4288
5628,4,204
5749,21,1088
6015,93,4656
6304,186,9334
6448,186,9323
5694,49,2482
6344,52,2606
6198,210,10546
5854,136,6850
5396,44,2201
5729,67,3385
5084,42,2125
5906,180,9019
6346,52,2627
5051,26,1317
4955,136,6820
4955,138,6918
5845,59,2993
5746,20,1030
5738,6,343
6382,166,8308
6325,1,72
5782,42,2124
5767,194,9708
6404,34,1704
5031,15,758
6446,55,2756
5767,204,10235
6543,16,825
5758,58,2942
5965,49,2499
5966,29,1494
6298,132,6635
5044,62,3148
5767,20,1029
6056,21,1084
5912,12,637
6590,33,1683
5445,9,490
5445,10,521
5708,16,835
6692,35,1795
6616,116,5827
6528,144,7208
6528,144,7245
6288,45,2293
5368,7,386
6344,6,347
6070,25,1264
6070,25,1292
6312,32,1618
5418,41,2087
5418,43,2171
6160,48,2450
5455,24,1228
6697,33,1659
6560,46,2334
6367,37,1858
6528,62,3107
5996,60,3010
6300,145,7263
6301,134,6724
5384,121,6066
6652,6,307
5603,14,708
5909,77,3881
5586,201,10067
5607,68,3408
5375,17,870
5819,119,5958
6666,127,6363
5279,33,1676
5404,11,582
5025,116,5833
6030,33,1689
5433,74,3720
6647,39,1980
5029,48,2431
5005,22,1146
6594,53,2659
6594,55,2771
5037,6,341
6307,13,686
6330,4,225
6589,108,5406
4971,59,2993
5880,1,64
5622,14,732
6591,134,6730
5452,47,2379
5143,2,114
5143,3,168
6334,40,2018
5211,67,3375
6343,107,5352
6506,97,4886
6535,60,3003
6213,18,928
6304,160,8037
5368,75,3787
6573,41,2080
6553,147,7387
5384,199,9994
6184,6,336
6668,133,6676
5267,4,243
5904,9,459
6282,13,657
6282,13,681
6321,62,3111
4971,16,846
4971,19,953
5925,104,5227
6319,29,1471
5977,30,1545
5979,87,4362
5635,10,502
6303,52,2601
6647,1,62
5602,19,975
5905,32,1618
5384,134,6741
6502,10,529
5061,149,7499
5423,0,33
5436,33,1679
5436,33,1681
5600,141,7052
5709,94,4738
5127,130,6524
6670,50,2535
6670,52,2607
6091,172,8641
5782,28,1433
5051,82,4137
5403,6,303
6353,100,5006
6608,55,2793
5887,13,664
5887,13,682
6288,2,120
6301,200,10030
6591,0,32
6407,128,6408
6410,24,1221
5396,70,3515
5278,102,5137
5586,153,7691
5385,154,7739
5975,58,2926
5975,61,3080
6203,34,1747
5606,21,1070
6529,87,4379
4997,4,221
5831,132,6629
6668,113,5693
5187,67,3371
6201,17,862
5272,74,3745
6622,2,109
5233,83,4160
5169,73,3688
5985,2,144
5359,1,78
6281,24,1244
6324,72,3644
6324,73,3684
5853,366,18330
6074,46,2339
5273,75,3791
5619,10,522
4962,134,6708
5779,37,1897
6552,2,123
6552,2,143
6647,98,4919
6671,92,4643
6312,154,7708
6600,128,6443
6338,35,1783
6377,32,1631
5752,43,2158
6073,94,4745
6211,121,6065
6534,45,2259
5275,65,3290
6404,172,8613
5364,90,4512
5725,96,4812
6151,48,2408
5709,82,4111
5709,83,4178
6336,160,8037
6319,24,1210
6608,59,2981
6634,103,5197
6348,163,8177
6226,71,3577
6150,2,107
6092,174,8745
5182,23,1169
6090,71,3573
5331,11,592
6507,121,6054
6507,123,6172
6457,164,8207
6173,21,1092
5940,28,1434
5653,79,3961
5364,192,9622
5454,0,21
5587,6,341
5783,11,583
5819,26,1327
6348,90,4538
6461,8,445
4997,14,721
6508,43,2166
5412,87,4400
5368,85,4255
6528,49,2492
5214,52,2601
5636,41,2053
6058,20,1043
6076,132,6646
5752,57,2863
5836,84,4209
5858,10,502
5000,88,4424
5000,92,4622
6594,44,2218
6594,44,2241
6594,45,2267
6444,183,9166
6580,6,345
5043,10,537
5752,10,513
5845,8,429
5897,36,1808
5941,2,112
6457,94,4710
5733,67,3382
6535,144,7227
6603,56,2824
5831,35,1770
6350,2,102
6680,45,2270
6320,49,2486
6506,72,3622
5906,197,9859
6314,72,3614
5262,86,4317
5262,88,4401
5983,27,1380
6621,39,1960
6461,47,2366
6461,47,2391
6139,102,5108
6377,39,1990
6381,25,1259
6479,39,1982
6448,8,403
6680,63,3191
6467,26,1328
6318,8,407
6151,71,3597
6483,62,3106
6004,82,4129
6381,192,9609
6319,97,4873
6080,129,6497
6634,96,4825
5650,23,1186
6461,46,2344
6690,164,8229
6690,165,8257
6440,15,783
6440,16,839
5938,8,448
5691,51,2562
6440,0,19
6440,0,48
6553,125,6266
6615,28,1431
6336,171,8563
6199,194,9724
6565,212,10647
6231,83,4165
6339,21,1081
6168,58,2917
5819,96,4830
6218,26,1315
5832,227,11365
5746,24,1229
5455,51,2584
6121,70,3523
6121,70,3528
5154,168,8431
6180,61,3096
6168,60,3018
6118,3,175
6235,110,5547
5625,34,1704
5949,3,168
6371,47,2367
6371,47,2394
6318,104,5204
6318,104,5228
6575,87,4366
5823,184,9211
6382,2,130
5372,0,21
6653,69,3465
5368,99,4973
6216,99,4962
6483,18,934
6503,66,3311
6173,50,2504
5424,1,62
6463,78,3950
6546,61,3065
5653,23,1185
5089,9,455
6115,102,5122
6560,11,566
6524,47,2385
6343,58,2908
5397,39,1967
5859,3,196
6211,27,1399
5869,19,972
5935,56,2807
6417,115,5780
6182,75,3751
6303,14,705
6592,23,1165
6592,26,1303
6333,1,68
6058,15,777
5719,71,3591
6305,32,1629
6312,133,6694
5454,98,4932
6527,211,10599
6527,212,10639
6106,44,2233
6140,69,3500
6691,5,297
6691,7,387
5762,183,9160
6465,30,1513
6506,179,8975
6333,35,1778
5842,27,1375
5628,8,434
6606,77,3897
6606,78,3932
6028,11,558
6358,25,1291
6521,91,4570
6698,150,7510
5455,90,4504
6630,86,4340
6630,87,4386
6608,34,1717
6608,34,1735
5804,24,1219
6079,22,1148
6314,7,386
6638,22,1140
5989,3,175
5989,6,346
6031,27,1389
5427,5,259
6507,46,2347
6031,19,988
6031,50,2504
5914,123,6174
5437,14,728
6634,47,2384
5948,24,1223
6593,4,247
6639,45,2271
6226,6,309
6336,96,4817
5892,18,942
6304,64,3241
5921,143,7172
6285,141,7098
5963,6,307
5099,33,1655
6614,151,7559
6614,162,8121
5835,321,16072
6465,33,1677
6616,89,4489
6136,6,333
6027,84,4204
5940,3,185
6616,167,8395
5419,118,5915
6542,58,2902
6074,105,5288
6113,97,4874
6589,74,3704
5758,34,1702
6117,3,180
6070,60,3017
5056,14,740
5262,64,3246
6600,176,8805
5600,55,2760
6139,6,347
6327,27,1381
5819,125,6261
5768,15,772
6440,26,1333
6219,122,6104
6021,218,10941
5625,210,10541
5194,6,308
6589,56,2840
6377,20,1033
6461,15,777
6406,3,197
6333,51,2577
6333,55,2771
6151,36,1850
4971,160,8016
6401,82,4106
5445,13,661
5588,109,5465
6203,55,2799
6548,109,5500
5192,3,196
6021,83,4184
5905,65,3296
5823,166,8314
6679,21,1085
5703,44,2236
5727,109,5496
5370,47,2360
5046,51,2562
6482,141,7069
5836,89,4495
6417,102,5130
5782,74,3736
6440,10,544
6567,7,375
5996,14,723
5966,187,9366
6162,43,2173
6031,43,2199
5437,129,6479
5971,123,6196
6055,21,1064
6055,23,1198
5656,53,2690
5656,55,2770
6427,88,4436
6314,13,696
5985,5,261
5607,38,1946
6620,135,6765
5428,4,228
6698,76,3828
5758,0,39
6625,46,2317
6348,17,868
5774,110,5547
5957,8,409
5957,9,500
5836,25,1271
5388,27,1387
6168,166,8306
5894,13,686
6100,84,4229
6628,25,1295
5351,27,1391
5723,6,344
5830,14,702
6475,50,2542
6138,94,4743
6462,46,2310
5625,130,6538
6406,170,8527
6217,142,7128
5056,62,3107
6220,2,126
6220,4,214
6380,112,5646
6382,110,5540
5709,13,659
6217,44,2229
6588,62,3125
6589,138,6919
5985,49,2467
5755,8,421
5966,160,8026
5767,78,3925
4999,27,1371
6666,109,5460
5966,21,1088
6605,98,4947
6605,98,4949
5393,43,2187
6288,162,8127
6031,59,2998
5456,20,1020
6676,71,3600
6387,8,448
5835,390,19513
6527,88,4408
5730,13,653
5604,70,3520
6031,48,2449
6666,154,7704
6603,41,2083
5624,47,2378
5891,135,6774
5979,103,5154
6599,101,5069
6647,201,10069
6298,138,6937
5824,203,10161
6571,25,1254
5937,14,725
6692,62,3121
6692,63,3161
6614,101,5051
6525,30,1515
6387,171,8597
5411,4,211
5874,3,188
6412,136,6806
6614,128,6440
5896,39,1978
6162,208,10434
5139,8,448
6429,61,3073
6548,27,1385
6442,32,1644
5892,6,346
6436,23,1182
6436,25,1261
5454,53,2673
5454,123,6195
5779,41,2056
6510,15,795
6004,174,8705
6623,46,2349
6623,48,2450
5891,90,4527
6614,172,8645
6448,155,7784
5727,100,5033
5804,179,8969
6298,54,2741
5616,194,9722
5437,112,5612
5832,65,3266
6467,113,5698
6500,29,1458
6698,68,3424
6015,88,4432
6376,66,3302
5832,0,48
6181,11,589
5442,12,627
5368,34,1712
5910,101,5080
6216,76,3801
6216,78,3934
6280,105,5290
5280,149,7480
5652,7,354
5036,70,3548
5726,56,2807
5441,41,2097
6311,25,1260
6480,61,3076
6467,94,4741
6153,50,2519
5915,98,4942
5996,14,723
6288,130,6528
6230,139,6991
6487,54,2737
5849,20,1019
5849,20,1024
5445,21,1085
6323,67,3392
6506,176,8806
6300,195,9767
5694,39,1992
5918,6,341
6598,41,2085
6314,118,5931
5709,105,5265
6371,51,2578
6507,171,8555
5385,14,719
6082,6,340
6582,25,1283
5352,17,859
5719,50,2548
6179,98,4933
6114,17,859
6114,18,908
6114,19,965
5625,126,6305
6098,65,3279
6483,75,3791
5635,13,683
6689,134,6730
5437,153,7673
6308,53,2685
6548,76,3841
6058,181,9062
6074,114,5741
6426,26,1307
6301,107,5393
5455,83,4182
6341,101,5099
6050,15,798
6134,25,1274
6134,26,1307
5996,51,2573
5996,51,2583
5911,57,2896
6463,88,4410
5600,152,7621
6410,110,5522
5005,58,2936
6628,40,2037
6030,100,5001
6468,122,6128
6362,101,5100
5705,108,5408
5853,82,4113
5089,27,1394
5918,51,2591
6371,19,951
6592,67,3386
6592,69,3469
6480,43,2180
6573,71,3569
6687,194,9708
6588,30,1516
5691,179,8970
6381,45,2287
5761,18,945
5914,128,6433
5619,37,1882
5887,1,68
5887,2,106
6462,55,2787
5684,12,610
6406,5,283
5600,186,9326
5600,186,9329
6569,28,1428
6535,98,4913
6070,63,3168
5983,61,3068
6404,121,6055
5454,152,7640
5875,232,11606
6182,88,4443
6182,88,4448
6157,22,1138
6690,83,4152
6629,25,1300
5588,168,8439
6425,3,194
6448,20,1003
5639,69,3461
5605,86,4334
6203,53,2698
5604,39,1985
5709,9,499
6043,113,5687
5957,23,1188
5957,24,1238
6201,74,3711
5822,54,2707
6533,132,6634
5979,117,5855
6577,75,3797
6050,1,84
6410,178,8901
6149,68,3404
6687,140,7036
6408,37,1872
5924,5,268
5823,133,6676
5598,39,1953
5598,39,1993
6015,37,1893
5933,59,2990
5975,30,1532
5036,27,1400
6370,51,2578
6320,20,1014
6320,22,1113
5719,59,2978
6616,70,3502
5979,78,3911
6478,127,6374
5733,97,4867
5915,41,2075
5935,61,3053
6428,10,503
6428,10,517
5433,48,2432
5965,41,2053
5860,23,1183
6064,39,1987
5971,98,4933
6058,158,7920
6058,162,8124
6634,93,4694
6592,60,3048
5106,147,7382
6091,58,2923
5854,175,8800
5934,1,66
5449,31,1586
6670,41,2065
6417,134,6704
6429,8,434
5604,97,4898
5604,98,4914
5848,175,8785
6007,53,2664
6160,3,176
6576,69,3478
6634,159,7959
5586,181,9092
5265,19,996
6326,23,1153
5756,12,605
5961,55,2772
5377,1,51
5377,2,131
6166,57,2853
6341,46,2336
6359,110,5547
6552,59,2960
6349,18,901
6199,110,5541
6301,59,2991
6173,168,8432
5267,35,1752
6528,13,654
6521,19,985
5848,5,276
6640,31,1593
6647,91,4572
5600,62,3111
5600,187,9382
5386,193,9700
5848,141,7056
5965,6,347
5437,57,2884
5616,90,4529
5616,91,4588
6015,66,3333
6285,39,1998
5624,67,3370
5624,67,3372
5404,25,1287
6015,50,2543
6015,53,2666
6596,38,1937
5985,196,9835
6110,71,3571
6110,73,3657
6347,22,1127
6347,24,1249
6490,80,4045
6381,13,671
5971,80,4019
6592,83,4170
6574,27,1372
6353,62,3121
6094,2,138
6360,23,1195
5616,41,2096
6599,20,1035
6599,24,1208
5397,92,4639
5975,78,3950
6412,61,3068
5279,71,3592
5279,73,3661
5915,71,3556
6119,1,55
6528,153,7677
6583,53,2656
6320,83,4174
6632,24,1206
6631,16,840
6139,22,1123
5705,142,7106
5437,22,1137
6396,2,140
6484,25,1283
5617,33,1684
5983,36,1817
5393,37,1896
5442,6,349
6683,141,7052
5979,71,3580
6465,18,948
5782,20,1015
6583,128,6417
6698,117,5884
5827,71,3563
6517,64,3203
5267,62,3141
6444,65,3282
5915,14,731
6332,46,2325
5921,138,6909
6337,38,1913
6030,18,913
6030,55,2776
5835,349,17478
6549,110,5503
6285,33,1654
6375,90,4502
5853,114,5725
6377,3,200
6592,112,5627
6588,21,1054
5894,22,1148
6404,13,681
5639,144,7230
5686,19,951
6649,63,3189
6553,43,2180
6451,18,940
6681,33,1698
5387,17,872
6406,34,1741
6475,46,2318
5412,108,5410
5727,17,882
6235,107,5400
6616,61,3068
5637,66,3343
6615,167,8359
6615,170,8528
6614,62,3124
6281,7,394
6347,68,3431
6347,69,3453
5848,159,7958
6525,0,34
6533,79,3972
5966,38,1931
5625,15,798
6547,13,696
5394,32,1614
6551,67,3363
5370,41,2086
5650,16,823
6572,81,4066
5412,130,6525
5930,6,320
5930,7,371
6468,5,300
6468,7,376
5385,28,1418
5808,124,6229
5433,118,5944
6179,73,3697
5804,86,4349
6446,77,3860
6425,87,4369
6425,89,4451
6301,64,3207
6592,61,3081
6131,20,1005
6553,49,2491
6235,86,4310
5819,63,3199
6549,103,5152
5845,22,1132
5636,57,2879
6356,146,7307
6356,147,7394
5586,144,7243
5681,5,283
6417,171,8575
5430,13,674
6401,22,1102
6333,22,1129
6333,23,1200
6288,166,8304
6176,86,4349
5433,27,1369
5829,16,801
6140,58,2949
5805,35,1767
5915,120,6029
6044,5,280
6528,109,5487
5894,62,3132
5654,20,1038
6021,152,7633
6021,157,7888
6030,81,4058
5370,99,4989
6311,6,350
6283,61,3079
6483,123,6188
6628,57,2870
6478,24,1226
5712,72,3613
6467,24,1204
6343,115,5776
5385,92,4611
5912,82,4105
6301,79,3957
6375,47,2398
6448,127,6389
6668,59,2982
6668,60,3004
6588,73,3656
6666,143,7199
6446,183,9170
5625,186,9318
6568,12,620
5155,95,4758
5155,99,4998
6327,20,1028
5588,112,5635
6219,138,6945
6611,134,6746
6334,22,1147
6334,87,4365
5704,2,149
6617,3,152
5588,142,7113
6461,17,852
6656,54,2712
6121,37,1895
5940,35,1768
5965,43,2162
6122,63,3183
6647,182,9122
6647,185,9291
6663,188,9448
5916,20,1032
5588,37,1863
5588,39,1957
5454,4,232
5869,117,5886
6318,135,6800
5869,347,17374
6080,140,7037
6080,142,7141
5454,12,601
5436,100,5048
5614,27,1398
6353,65,3264
5914,57,2872
5905,73,3678
6507,95,4755
6572,225,11277
5864,9,491
6046,126,6346
6046,127,6358
6121,31,1558
5810,28,1431
5089,15,771
6412,85,4281
6412,87,4393
6602,25,1259
6676,38,1920
6676,38,1922
6281,14,704
6572,119,5982
6329,30,1546
6206,135,6762
6325,45,2285
5618,8,414
6100,80,4023
5854,124,6249
5908,1,89
5733,73,3683
6092,80,4031
5056,12,619
6319,50,2503
6335,24,1211
6080,135,6790
6441,74,3737
5823,202,10132
6529,97,4884
5979,135,6762
5979,155,7791
6558,34,1738
5977,162,8136
5977,167,8398
5386,91,4582
6383,6,310
5836,100,5026
6314,46,2301
6314,59,2996
6453,59,2961
6282,35,1793
6625,39,1967
6417,114,5710
6349,42,2145
6349,46,2348
5617,24,1232
6551,15,767
5823,57,2859
6176,40,2043
6535,131,6595
6697,41,2053
5061,28,1418
6608,63,3154
6219,95,4799
6622,39,1958
6283,12,649
6600,17,876
5375,2,118
5842,63,3176
6423,61,3082
5390,27,1396
6606,54,2729
5891,52,2621
6210,10,512
6544,348,17412
6211,223,11170
6614,69,3475
5604,64,3238
6151,17,868
5639,101,5057
6031,145,7260
6031,145,7269
5656,44,2240
6211,115,5779
6226,61,3099
5371,37,1860
5979,21,1058
6300,157,7872
6616,139,6960
5961,88,4430
6572,190,9544
5769,27,1377
6564,89,4466
5924,16,804
5924,16,835
6667,74,3737
5412,75,3762
6118,219,10966
5836,14,748
6544,88,4439
6343,70,3504
5841,8,420
5930,49,2463
5930,51,2588
5618,39,2000
6301,2,134
6583,109,5495
5143,43,2176
6559,41,2077
6033,59,2973
5847,8,413
6417,179,8977
6579,35,1767
5870,11,574
6608,79,3953
6333,34,1721
6617,10,527
6247,3,184
6484,10,532
6517,34,1722
5456,6,305
6527,9,483
5602,84,4246
5602,85,4258
5440,17,862
6052,71,3597
6162,161,8065
6199,209,10484
6619,0,49
5822,60,3020
5440,46,2337
6653,2,132
6689,128,6418
6689,129,6482
5920,13,667
6412,113,5692
5774,106,5348
5385,44,2238
6483,91,4560
6401,102,5113
5437,170,8506
5437,170,8530
6123,59,2974
6030,75,3753
6419,1,66
6162,56,2846
6317,43,2157
4999,105,5292
6298,109,5479
6380,16,840
5605,58,2948
6380,46,2302
5265,30,1537
6632,55,2756
5833,292,14608
5612,2,150
5835,170,8507
5454,86,4341
6596,82,4145
6623,4,246
6680,31,1563
6628,54,2732
5895,8,436
5895,11,552
5990,41,2072
5990,41,2099
5767,27,1353
5455,32,1633
6631,103,5186
5874,110,5545
5455,8,434
5455,9,454
5896,29,1493
6121,34,1704
6348,38,1909
5616,202,10120
5823,179,8984
6577,102,5120
6680,86,4345
5748,7,385
5739,1,84
6596,140,7001
5914,116,5847
6425,76,3847
6173,13,679
6173,13,699
5894,107,5387
6288,79,3991
5923,41,2074
5835,132,6624
5835,132,6645
6265,9,480
6315,41,2051
6315,44,2220
6592,119,5954
6337,51,2556
5616,29,1457
6687,89,4480
6157,93,4672
6222,0,38
6328,0,1
6328,0,38
6140,44,2222
6589,65,3281
5996,69,3462
6426,61,3054
6453,101,5059
6369,100,5043
5703,53,2695
5986,16,834
5846,1,77
6664,110,5527
6131,73,3687
5382,77,3872
6090,114,5714
6114,4,207
6341,39,1998
6672,1,100
6283,56,2846
6356,184,9223
6521,87,4395
5637,76,3830
5650,70,3522
5895,12,614
5853,261,13073
6176,21,1062
6383,60,3028
6383,61,3057
5929,47,2391
5452,13,700
6446,134,6713
6230,49,2459
6698,2,145
6698,3,156
6698,3,169
6446,201,10093
5933,70,3539
5836,68,3430
5905,11,555
5833,320,16039
6218,76,3802
6339,92,4604
6339,98,4927
6483,104,5233
5832,6,319
6280,149,7498
6376,103,5174
6091,222,11101
6669,48,2436
6410,140,7009
6611,91,4594
6611,93,4661
6571,46,2312
6592,157,7900
6592,166,8309
5767,133,6687
5921,126,6306
5822,11,600
6506,62,3107
6080,152,7612
5390,12,615
6679,84,4206
5965,40,2014
6102,113,5656
6179,103,5165
5617,6,325
5988,19,967
6131,11,599
6249,0,40
6407,108,5443
6407,110,5546
6600,31,1594
6412,78,3921
5767,109,5492
5988,1,69
5988,1,78
5988,3,172
6110,107,5385
6600,59,2999
6600,61,3086
5912,30,1517
5912,31,1577
5639,31,1597
6091,154,7742
6468,103,5159
6642,76,3816
6463,1,53
5925,193,9684
6006,13,672
6683,64,3218
6439,72,3614
6387,114,5749
6315,21,1056
5089,6,319
6304,196,9802
6348,148,7443
6376,94,4710
6319,11,557
6630,5,271
6630,7,356
6501,11,592
5602,95,4764
6463,106,5331
6173,131,6599
6558,63,3191
6417,189,9472
5910,104,5242
6288,147,7361
6527,76,3850
6469,1,69
6121,68,3436
6679,48,2431
5824,68,3416
6406,118,5937
6566,18,935
5850,108,5402
6697,29,1481
5940,6,323
6229,5,285
5869,169,8499
6105,37,1896
6138,116,5815
4962,77,3868
6058,96,4823
6640,42,2141
5437,175,8756
5834,183,9152
6689,59,2982
5386,96,4845
6340,130,6521
6340,132,6636
5598,91,4588
6369,48,2434
5418,35,1772
5933,93,4677
6596,140,7001
6572,225,11277
5618,39,2000
6354,99,4962
6354,102,5120
5810,86,4327
6341,20,1032
6489,88,4443
5848,161,8051
5911,31,1573
5089,40,2047
6465,25,1286
6602,17,873
5593,11,594
6647,50,2525
5386,165,8270
6463,33,1669
6173,59,2982
5720,11,591
5911,21,1054
5959,2,132
5959,2,146
6199,92,4643
6021,19,952
5869,152,7610
5385,113,5654
6405,2,119
6480,118,5908
6224,38,1909
6328,10,550
6468,6,313
5399,44,2236
6440,170,8528
6542,171,8571
5586,157,7864
6558,134,6733
6427,74,3733
6427,75,3791
6347,80,4011
5727,53,2668
5727,53,2694
6558,119,5968
6598,149,7476
6460,20,1032
6374,33,1663
6679,45,2289
6404,63,3193
6168,72,3601
6533,56,2811
6533,59,2958
6690,156,7818
6659,60,3016
5419,45,2293
6679,32,1628
6329,54,2712
6427,115,5795
6426,50,2545
5454,91,4571
5655,11,569
6480,155,7798
5602,12,614
5625,124,6215
6147,25,1274
6446,6,317
6359,75,3770
5036,43,2183
6318,40,2048
6090,113,5693
5710,64,3234
6282,39,1990
5774,36,1819
6376,35,1795
5937,18,908
5937,18,948
6562,104,5240
6562,105,5267
6056,24,1207
6441,32,1625
6441,35,1765
5709,57,2896
6353,49,2485
6506,22,1129
6321,69,3451
5086,22,1137
6326,58,2919
5848,30,1505
6375,53,2697
6327,74,3702
6693,41,2079
6686,58,2922
6688,41,2067
6052,115,5761
6674,23,1156
5990,49,2452
5436,129,6461
6440,101,5062
5437,143,7157
5720,5,292
5823,231,11560
6526,28,1447
6642,94,4712
6165,0,2
6666,36,1807
6683,153,7659
5921,87,4397
6482,132,6636
5454,164,8221
5370,106,5344
6338,4,249
6640,181,9089
6123,141,7073
5588,14,728
6103,152,7603
5869,1,60
6579,13,671
6594,118,5950
6594,120,6004
6190,62,3138
6359,27,1387
6238,6,339
6493,18,928
6634,127,6395
6348,142,7143
6338,94,4702
6462,26,1331
5625,6,343
5829,39,1988
6162,157,7893
6546,15,800
5279,38,1947
6219,30,1545
6219,32,1619
6339,36,1802
6339,37,1873
6324,146,7309
6583,161,8087
6122,71,3562
6076,118,5931
6463,147,7369
6046,35,1765
6216,114,5735
6216,115,5789
6664,139,6997
5976,24,1234
5741,20,1023
6440,132,6650
6640,26,1324
6599,32,1614
6620,136,6815
6326,75,3757
6299,21,1082
5836,137,6878
5871,122,6125
6457,156,7848
6288,35,1793
6145,46,2323
6462,21,1058
6462,22,1114
6462,23,1194
6634,133,6678
5983,68,3439
6679,54,2742
5869,104,5205
5632,122,6112
5748,16,814
5937,9,464
5937,10,537
6526,81,4088
6690,31,1598
6004,188,9432
6691,38,1936
5433,16,804
6070,107,5364
5932,3,172
6382,72,3635
6337,27,1360
6044,10,548
5437,92,4604
5456,36,1817
5456,38,1914
5704,16,829
6241,0,45
5894,125,6298
5412,56,2838
5394,6,311
6525,25,1267
6663,66,3348
5853,239,11956
6330,0,19
6339,151,7557
6064,47,2356
5891,101,5087
5731,25,1289
6032,9,489
6578,36,1808
5653,19,977
5653,21,1064
5767,83,4157
6565,29,1487
5725,28,1404
5725,28,1445
6317,36,1843
5408,14,702
6463,110,5533
5713,19,998
6467,31,1589
6686,36,1825
5869,390,19543
5637,115,5755
5874,101,5074
5929,76,3805
5709,65,3254
5709,87,4379
5639,4,208
5691,96,4819
5691,97,4892
6318,74,3732
6404,80,4038
6419,12,601
6448,154,7738
6467,3,156
5824,174,8713
6609,33,1658
6623,40,2027
5849,80,4005
5733,47,2368
5733,48,2430
6340,2,138
6313,50,2540
6576,73,3683
6480,111,5551
5979,83,4191
5830,212,10611
5636,52,2627
6691,19,958
6572,179,8999
6281,136,6830
5754,22,1106
6576,36,1815
6179,68,3415
6100,25,1284
6100,27,1396
6015,55,2781
6015,55,2790
6698,66,3329
6318,98,4938
5730,21,1100
5412,97,4868
5874,31,1600
6504,0,9
6504,1,60
5686,12,640
6467,72,3645
5964,1,98
5819,58,2926
5933,47,2366
6336,74,3710
5930,90,4517
6320,9,480
5810,46,2305
6217,125,6298
6628,47,2387
6300,92,4603
6300,94,4743
6591,6,310
5891,131,6588
6692,57,2878
5850,151,7596
5598,41,2063
6457,6,332
6588,56,2803
6301,192,9640
6301,193,9672
5634,6,305
6388,21,1077
5455,146,7338
5455,146,7340
6339,165,8295
6498,64,3228
6501,47,2389
5719,3,194
6631,85,4265
5456,18,922
6110,17,872
6614,95,4757
5625,13,685
5699,2,126
5269,104,5241
5279,63,3176
6198,92,4601
5947,149,7487
6312,158,7915
6642,58,2946
6283,22,1133
6575,7,382
5849,70,3529
6493,4,206
6647,214,10720
5914,42,2103
6503,108,5439
6004,50,2535
6159,11,586
6300,174,8713
6206,128,6417
6339,171,8575
6339,172,8631
6625,15,796
6625,16,812
6571,31,1567
6030,27,1360
6030,29,1491
6100,30,1532
5436,40,2033
5961,46,2320
6420,81,4091
6549,90,4528
6591,86,4307
6353,55,2764
6282,30,1510
6468,20,1005
6468,22,1108
6525,50,2505
6600,35,1763
6431,90,4508
6382,118,5904
5604,35,1752
5588,145,7257
6592,143,7158
6176,112,5610
6319,34,1747
6520,7,399
6083,47,2357
5911,50,2521
5782,0,39
6649,30,1520
6478,85,4261
6478,85,4282
6052,96,4808
5411,13,654
6311,131,6564
5086,60,3039
6668,82,4118
5906,63,3181
6592,29,1492
5985,163,8158
5449,71,3566
6676,121,6081
6030,21,1097
5971,31,1553
5971,31,1557
6653,41,2069
5451,3,199
6176,134,6723
6176,175,8800
6022,157,7883
6030,44,2224
6479,20,1045
6247,7,352
6157,74,3707
6490,130,6520
5915,21,1059
6123,103,5155
6300,61,3063
6404,82,4144
6562,147,7397
6478,73,3674
5783,23,1195
6687,147,7389
6423,113,5661
6375,48,2447
6594,94,4712
6205,73,3685
5597,27,1356
6281,110,5534
5451,35,1766
6198,138,6929
6480,105,5266
6198,180,9009
5607,21,1063
6423,192,9618
5897,18,917
6064,19,994
6544,9,484
5606,83,4191
6168,127,6398
6592,138,6950
6426,11,558
6446,14,725
6341,124,6212
6341,124,6232
6298,81,4093
6535,179,8993
6180,85,4256
6199,154,7714
6199,156,7840
6130,7,377
5396,36,1844
5912,106,5331
6371,9,486
6007,27,1384
6176,216,10825
6102,26,1306
6582,22,1150
6582,23,1168
5904,15,778
6401,47,2367
6162,178,8927
6446,88,4415
6318,65,3299
5896,47,2356
6348,177,8872
6639,13,692
5602,9,493
6383,5,279
6480,23,1174
6656,1,78
6055,40,2017
6363,2,116
6217,48,2447
5931,5,261
6598,118,5929
6663,87,4352
6664,48,2429
6674,4,216
5393,64,3218
5393,64,3243
6332,114,5743
6634,151,7599
6634,152,7629
6506,170,8502
6301,17,873
6173,173,8672
5600,163,8198
6341,57,2856
6318,11,560
6611,20,1034
6371,9,486
6387,20,1010
6412,139,6998
6123,118,5925
5049,66,3312
5049,69,3452
5049,69,3499
5049,70,3530
6566,66,3328
6388,11,578
6180,6,326
6498,69,3479
6690,105,5279
5822,4,205
6383,28,1424
6565,56,2811
6055,19,992
6313,24,1222
5956,18,947
6573,58,2901
5455,117,5872
6649,101,5099
6231,24,1216
5822,93,4698
6614,14,747
6381,170,8525
6698,24,1241
6162,29,1495
6063,6,337
6622,67,3351
5371,31,1582
6630,1,65
6486,23,1152
6369,63,3193
6288,86,4305
6448,72,3612
5762,112,5608
6548,54,2726
6659,3,164
6600,65,3287
5832,178,8919
6050,49,2480
6465,17,877
6382,180,9017
5906,164,8232
6628,60,3001
6106,63,3171
6605,17,899
6499,38,1914
6140,83,4175
6301,121,6078
6546,52,2639
6493,32,1607
5371,56,2828
6572,155,7765
5622,10,520
5204,126,6345
5204,130,6507
5933,192,9621
6166,20,1008
6560,40,2039
5729,53,2699
5691,148,7414
5935,47,2374
6090,30,1535
5706,28,1438
6300,183,9186
5413,4,222
6356,163,8164
6371,7,399
5941,14,725
5656,58,2907
6629,14,722
6565,179,8963
6565,180,9021
6565,182,9139
6387,3,163
5619,50,2539
6349,2,103
6366,99,4995
6425,117,5900
6425,118,5931
6507,165,8257
6507,165,8298
6448,13,654
6354,4,220
5875,67,3397
6432,8,421
5942,14,730
6160,34,1708
5433,22,1105
6564,180,9024
5740,8,421
6022,1,78
6380,59,2982
6629,19,964
6339,178,8926
6339,181,9061
6668,33,1683
5772,5,271
6001,30,1507
5384,194,9714
5387,12,605
6572,1,73
5419,113,5689
5832,216,10828
6007,12,636
6647,190,9548
5374,34,1746
5454,178,8945
5625,39,1956
6465,3,200
6608,48,2401
6615,43,2199
6539,7,365
6254,21,1056
6333,10,518
6526,42,2118
6334,29,1477
5961,82,4109
6438,14,741
6441,71,3567
5961,90,4545
5824,258,12906
5425,7,381
6353,63,3199
6340,86,4326
6036,26,1344
6337,19,953
6337,49,2471
5374,47,2381
6315,52,2613
6589,40,2009
6686,8,429
6598,8,433
5746,11,551
6080,14,701
5835,16,838
5607,95,4764
6312,157,7898
6375,109,5477
6114,29,1481
6114,31,1596
6360,51,2572
6529,74,3733
5719,80,4020
6145,1,71
5143,29,1455
5143,64,3213
5721,24,1230
6558,40,2024
6417,78,3939
5449,77,3871
6528,55,2761
6649,65,3258
6649,67,3378
6022,64,3221
5441,68,3444
5758,78,3914
6690,77,3887
6690,79,3979
6015,11,573
6549,45,2286
5959,7,356
6590,36,1825
5730,25,1284
6349,37,1861
6030,46,2313
5906,151,7567
6482,155,7751
6230,24,1207
5611,10,543
6327,72,3612
6327,72,3636
6327,72,3642
6600,5,289
5388,60,3011
6454,15,792
6288,146,7309
5427,10,539
5848,101,5093
6423,75,3799
5925,92,4639
6425,85,4266
6313,30,1520
6313,81,4098
5382,181,9098
5891,71,3596
6486,35,1779
6303,182,9105
5694,28,1430
6031,80,4010
5437,53,2680
6369,134,6741
5930,68,3437
6156,22,1108
6156,22,1113
4992,182,9109
5718,10,539
6588,37,1867
6508,2,103
6380,53,2670
6438,4,218
6382,34,1732
6698,54,2712
6003,5,253
6697,45,2290
6671,62,3135
5959,27,1387
5722,4,233
5086,46,2323
6535,86,4326
6304,145,7256
5376,38,1910
5733,17,883
6194,15,780
6695,60,3049
6611,94,4747
6343,126,6328
6572,65,3276
5933,0,32
6079,5,282
5762,1,79
5727,37,1886
5948,9,483
6318,105,5289
6562,169,8487
6562,170,8536
6501,26,1340
6354,111,5554
6286,120,6042
6286,120,6044
6446,72,3612
6489,13,651
6312,143,7186
6312,145,7267
6194,30,1541
5624,37,1897
6157,87,4368
5925,215,10758
5691,12,626
5433,160,8002
6280,83,4190
6377,6,324
6547,1,65
5890,9,451
6338,6,344
6338,69,3462
5755,3,195
5755,7,367
5384,8,446
6423,10,511
5433,162,8148
6340,66,3315
6657,1,69
6338,43,2162
6338,43,2174
6338,110,5522
5752,72,3626
6065,78,3948
6055,30,1540
6423,122,6105
5808,32,1609
5762,70,3510
6527,64,3205
6050,36,1804
6591,145,7284
6102,93,4680
6235,117,5894
6600,10,525
5911,54,2720
5388,52,2629
5388,52,2636
6106,53,2678
5725,81,4057
6687,234,11728
5990,58,2938
5433,130,6525
5654,11,561
5436,75,3792
6004,87,4400
5413,8,423
6598,42,2106
6428,8,431
5982,51,2585
6503,101,5079
6322,37,1859
6176,4,202
6176,6,342
5977,16,843
6634,120,6041
6681,37,1883
6141,14,746
6666,65,3282
6437,18,914
6437,18,941
6437,19,1000
5767,199,9974
6033,88,4406
6370,57,2866
6370,57,2878
6092,181,9072
6303,91,4552
5891,15,765
5985,84,4208
6031,165,8300
6637,57,2867
5906,17,867
6664,103,5188
6199,169,8457
5394,25,1263
5975,36,1844
6317,22,1119
6317,23,1188
5810,76,3845
6342,27,1365
6360,42,2144
6457,181,9068
6033,29,1495
6484,22,1106
6201,95,4783
6679,111,5555
5723,9,454
6611,150,7540
6598,101,5071
6551,52,2605
6168,1,55
6349,59,2984
6326,88,4436
6404,5,267
6404,5,288
6526,23,1175
6663,181,9060
6004,41,2059
5969,45,2274
5704,28,1441
5704,31,1588
6031,153,7663
5894,123,6170
5985,62,3103
5985,63,3178
6125,11,564
5419,136,6838
6301,185,9297
6100,61,3074
6465,20,1007
5778,22,1108
5139,56,2832
6503,60,3005
6091,201,10063
6487,146,7349
6226,111,5569
5947,141,7100
6381,88,4404
6697,54,2746
6356,50,2517
6480,142,7147
6480,142,7148
6510,81,4066
6535,96,4837
6347,160,8034
6553,7,371
5444,18,930
6637,8,431
6666,41,2059
6151,18,947
6362,51,2591
6336,51,2568
6162,111,5568
6558,56,2844
6558,57,2897
5849,26,1343
5819,132,6641
6619,6,343
6527,193,9662
6431,72,3606
6362,10,537
6448,200,10011
6197,13,691
5419,86,4343
6298,99,4992
6605,29,1491
6027,66,3320
6007,94,4705
6076,90,4538
6096,42,2140
6022,83,4155
6022,137,6876
6656,16,804
5961,67,3360
6226,18,919
5830,197,9878
6542,91,4558
6203,6,305
6533,75,3763
5906,38,1923
5906,39,1955
6540,51,2561
5971,110,5537
6101,37,1898
6564,202,10140
5589,48,2403
5044,44,2207
5762,194,9733
5721,22,1147
6528,101,5082
5762,161,8069
6647,106,5307
5646,15,773
5840,41,2081
6139,84,4250
6284,16,837
5966,24,1228
6410,14,733
6218,63,3183
5428,27,1395
5702,2,132
6467,138,6901
6463,80,4039
6096,0,4
5960,46,2304
5925,94,4722
5853,306,15301
5853,308,15436
5351,52,2601
6490,57,2881
6664,223,11165
6340,179,8966
6340,45,2273
6565,38,1911
5389,10,501
5389,14,715
6683,193,9695
6446,18,937
6625,35,1760
6625,37,1887
6211,22,1101
5265,73,3678
6426,14,704
6580,26,1312
6092,138,6921
6065,59,2958
6460,18,942
6406,184,9206
6406,184,9208
6463,124,6231
6159,8,412
6224,21,1094
6354,34,1733
6439,1,61
6439,1,92
5948,43,2194
6475,35,1787
6475,37,1856
6114,166,8339
6065,65,3286
5139,44,2208
6444,109,5458
6562,49,2491
6692,9,460
6640,170,8520
6199,55,2785
6383,65,3296
6114,123,6181
6507,56,2843
6480,102,5130
6634,134,6714
6493,13,679
6182,69,3483
5768,29,1459
5914,8,427
6589,81,4092
5609,35,1760
6401,68,3435
6229,35,1789
6247,13,651
6582,44,2204
6598,0,37
5411,95,4794
6379,111,5586
6001,26,1326
6007,98,4941
6486,22,1136
6425,148,7427
5946,24,1213
5946,24,1243
6313,26,1317
6669,88,4431
6329,42,2132
6298,72,3609
6230,129,6493
5921,127,6353
5985,28,1446
6426,107,5389
6480,77,3889
5901,124,6205
5423,5,264
6542,24,1219
6324,19,954
6339,2,122
5729,125,6259
6448,69,3493
6063,25,1252
6582,3,151
6347,71,3582
6634,39,1960
6517,28,1444
6446,192,9624
6300,47,2392
5825,6,340
6026,3,172
6026,3,185
6281,121,6084
6281,123,6151
6468,14,717
6468,15,782
6026,79,3963
6157,40,2021
6176,170,8502
6506,132,6640
5966,143,7160
6113,78,3916
5774,59,3000
6092,5,283
6683,99,4963
6574,44,2228
6324,15,784
6642,20,1035
6642,23,1189
6113,35,1754
5267,57,2882
5418,56,2826
6649,81,4075
6649,82,4110
6615,108,5425
6668,11,563
6608,75,3780
5783,120,6010
6641,30,1545
6217,15,770
6217,17,884
6596,125,6289
5613,1,83
6461,83,4180
6360,93,4692
5752,59,2971
6313,62,3125
6313,62,3138
6022,167,8390
6551,19,990
6551,20,1043
6502,43,2199
5588,210,10520
6599,19,998
6599,63,3178
4999,81,4087
6339,30,1518
6591,33,1664
6406,159,7975
6216,17,868
6460,26,1333
6548,146,7312
6387,103,5183
6192,42,2121
6589,33,1695
5906,31,1575
5589,53,2671
6153,15,789
6185,11,581
6206,146,7304
5904,37,1878
6367,17,866
6367,18,936
6602,36,1805
6622,57,2858
6622,60,3007
6339,8,446
6683,148,7412
6441,98,4915
5713,24,1235
6375,8,436
5374,29,1455
5729,115,5770
6300,17,879
6343,78,3904
6343,80,4046
6138,18,921
6217,11,577
6671,113,5668
6031,187,9396
6336,0,19
6572,194,9746
6379,198,9905
5894,89,4464
5691,130,6509
6469,12,633
6599,103,5190
6340,139,6964
6420,56,2838
5947,162,8110
6507,178,8917
6565,43,2158
6244,4,216
6244,4,233
5401,1,85
6599,54,2735
6319,68,3422
6318,46,2304
6058,85,4267
6468,29,1492
6343,183,9181
6578,46,2329
6642,51,2571
5774,62,3128
5454,148,7441
6338,98,4919
6578,79,3992
5454,193,9667
6328,9,451
6314,130,6539
6520,30,1529
6527,16,842
6508,40,2035
6327,51,2564
6483,80,4008
5370,51,2577
5656,3,187
5607,88,4421
5607,96,4835
6551,65,3252
5940,27,1398
6301,44,2250
6305,27,1377
6446,96,4812
6323,69,3457
6634,15,793
6490,11,591
6113,26,1329
6224,7,371
5754,5,291
6417,164,8225
6377,27,1365
6663,217,10854
6633,1,58
6122,95,4760
6596,122,6145
6125,33,1691
5588,101,5056
6535,213,10654
5653,82,4137
5418,16,814
6620,129,6500
6304,152,7625
5412,155,7780
6020,9,477
6083,51,2600
5061,145,7264
5370,129,6486
6417,164,8225
6138,18,921
