run_number,subrun_number,event_number,signal_score,entry_number,n_pixels
6046,26,1304,0.5602285265922546,0.0,3216.0
6046,26,1320,0.61483234167099,1.0,2470.0
6046,28,1402,0.9958107471466064,2.0,3549.0
6046,28,1424,0.9634770154953003,3.0,1334.0
6046,29,1462,0.9056336879730225,4.0,4168.0
6046,31,1577,0.3705104887485504,5.0,1246.0
6046,31,1581,0.9960131645202637,6.0,1626.0
6046,31,1590,0.798798143863678,7.0,1667.0
6046,31,1596,0.9986053109169006,8.0,2599.0
6046,31,1600,0.3570352792739868,9.0,3057.0
6046,32,1634,0.9716782569885254,10.0,657.0
6046,32,1638,0.8240464925765991,11.0,533.0
6046,32,1645,0.8424428701400757,12.0,2854.0
6046,32,1650,0.21223998069763184,13.0,3566.0
6046,33,1657,0.7221187353134155,14.0,1296.0
6046,34,1709,0.9862420558929443,15.0,2064.0
6046,36,1812,0.727510929107666,16.0,1566.0
6046,36,1816,0.9244610071182251,17.0,4113.0
6046,36,1820,0.7301555871963501,18.0,2755.0
6046,36,1844,0.7755725979804993,19.0,4945.0
6046,37,1866,0.14711149036884308,20.0,4478.0
6046,40,2006,0.5900902152061462,21.0,2609.0
6046,40,2021,0.11545133590698242,22.0,2597.0
6046,40,2043,0.9495272636413574,23.0,2423.0
6004,125,6254,0.9472558498382568,24.0,1143.0
6004,125,6261,0.7254118323326111,25.0,2299.0
6004,125,6265,0.997999370098114,26.0,2269.0
6004,125,6300,0.27227264642715454,27.0,1517.0
6004,127,6385,0.3090464770793915,28.0,1499.0
6004,127,6400,0.8638612031936646,29.0,4049.0
6031,153,7658,0.6830565929412842,30.0,1007.0
6031,153,7682,0.5564749836921692,31.0,1164.0
6031,155,7758,0.13058669865131378,32.0,900.0
6031,155,7766,0.9614884853363037,33.0,1646.0
6031,159,7952,0.29164373874664307,34.0,2635.0
6031,160,8045,0.9890744090080261,35.0,2433.0
6031,161,8070,0.9840721487998962,36.0,1613.0
6031,161,8073,0.16179102659225464,37.0,4418.0
6031,161,8085,0.04995434731245041,38.0,487.0
6031,161,8093,0.9597406983375549,39.0,2300.0
6031,164,8206,0.9957209229469299,40.0,1100.0
6031,164,8215,0.9896063208580017,41.0,1038.0
6031,165,8273,0.2326119840145111,42.0,3430.0
6031,165,8281,0.9956721067428589,43.0,4255.0
6031,192,9615,0.7465172410011292,44.0,1823.0
6031,192,9616,0.9345464706420898,45.0,2740.0
6031,192,9626,0.0042824577540159225,46.0,5129.0
6031,193,9682,0.9054691791534424,47.0,892.0
6031,193,9699,0.9577636122703552,48.0,810.0
6031,194,9723,0.999792754650116,49.0,1966.0
6031,194,9725,0.5837621092796326,50.0,1330.0
6031,195,9787,0.793928325176239,51.0,2295.0
6031,195,9792,0.8089069724082947,52.0,3175.0
6031,196,9818,0.363836407661438,53.0,2148.0
6031,196,9832,0.9911903142929077,54.0,1223.0
6031,199,9970,0.7383915781974792,55.0,3539.0
6031,199,9995,0.7357435822486877,56.0,4932.0
6031,200,10024,0.9947846531867981,57.0,512.0
6031,201,10053,0.7833929657936096,58.0,2554.0
6031,201,10065,0.9641848802566528,59.0,887.0
6031,115,5797,0.963189959526062,60.0,866.0
6031,118,5913,0.8898679614067078,61.0,1802.0
6031,118,5921,0.9993200302124023,62.0,3707.0
6031,118,5925,0.19693796336650848,63.0,1474.0
6031,118,5936,0.015799688175320625,64.0,746.0
6031,121,6056,0.24250094592571259,65.0,4457.0
6031,121,6092,0.8340145349502563,66.0,2598.0
6031,121,6093,0.9117497205734253,67.0,1974.0
6031,121,6097,0.9075552821159363,68.0,1289.0
6031,122,6137,0.9987027645111084,69.0,2222.0
6031,123,6168,0.14355365931987762,70.0,1771.0
6031,127,6363,0.09359108656644821,71.0,5063.0
6031,127,6364,0.20112834870815277,72.0,1055.0
6031,127,6368,0.9183977246284485,73.0,1331.0
6031,167,8374,0.5842065215110779,74.0,1980.0
6031,167,8392,0.8520938754081726,75.0,2875.0
6046,126,6320,0.151759073138237,76.0,3226.0
6046,126,6348,0.9614893198013306,77.0,1812.0
6023,10,515,0.9554141759872437,78.0,2066.0
6023,10,531,0.6858689188957214,79.0,3666.0
6023,11,558,0.2342502474784851,80.0,727.0
6023,12,637,0.09870100766420364,81.0,654.0
6023,13,656,0.8353704810142517,82.0,1614.0
6023,13,668,0.8555238246917725,83.0,787.0
6023,13,682,0.7077624201774597,84.0,446.0
6023,13,690,0.9942560791969299,85.0,3192.0
6023,14,732,0.9995618462562561,86.0,1179.0
6023,14,737,0.7640654444694519,87.0,2056.0
6023,66,3307,0.4642057418823242,88.0,2920.0
6043,40,2029,0.3938928246498108,89.0,1241.0
6043,40,2035,0.7757912278175354,90.0,1499.0
6043,43,2175,0.8393054008483887,91.0,580.0
6043,43,2180,0.12670199573040009,92.0,1239.0
6043,44,2209,0.9108920693397522,93.0,669.0
6043,44,2223,0.49489927291870117,94.0,2425.0
6043,44,2232,0.9782540798187256,95.0,2908.0
6043,44,2239,0.09451160579919815,96.0,1100.0
6043,45,2271,0.9851526021957397,97.0,3350.0
6043,46,2314,0.3593433201313019,98.0,5722.0
6011,0,10,0.11671052128076553,99.0,1263.0
6011,0,29,0.29518237709999084,100.0,2850.0
6011,0,38,0.9966709017753601,101.0,2688.0
6011,1,53,0.8680622577667236,102.0,1125.0
6011,1,76,0.8693480491638184,103.0,1056.0
6011,2,107,0.9977237582206726,104.0,1424.0
6011,3,173,0.9900072813034058,105.0,3546.0
6011,4,215,0.14757873117923737,106.0,1030.0
6011,4,246,0.018441520631313324,107.0,3385.0
6011,6,308,0.7341547012329102,108.0,1774.0
6011,6,314,0.20999911427497864,109.0,4017.0
6011,6,338,0.9968841671943665,110.0,1385.0
6011,7,380,0.9965912103652954,111.0,5861.0
6011,7,387,0.9857818484306335,112.0,4530.0
6011,7,398,0.9218884706497192,113.0,2864.0
6011,8,423,0.9151230454444885,114.0,1032.0
6011,9,487,0.6916988492012024,115.0,2957.0
6011,9,489,0.5673941969871521,116.0,1933.0
6011,9,490,0.9949118494987488,117.0,2628.0
6022,58,2902,0.8676824569702148,118.0,2181.0
6022,59,2965,0.8602327704429626,119.0,1924.0
6007,6,341,0.5739679932594299,120.0,1847.0
6021,167,8383,0.19626547396183014,121.0,1191.0
6046,55,2760,0.9978384375572205,122.0,2151.0
6046,56,2807,0.7467283606529236,123.0,3792.0
6046,57,2872,0.9321000576019287,124.0,4933.0
6046,58,2906,0.9919621348381042,125.0,2546.0
6046,58,2916,0.9852402210235596,126.0,2877.0
6046,58,2946,0.4744306802749634,127.0,4285.0
6046,59,2975,0.5792608857154846,128.0,1799.0
6046,60,3032,0.9333306550979614,129.0,1287.0
6046,63,3171,0.5726355314254761,130.0,843.0
6046,64,3219,0.9972549080848694,131.0,1281.0
6046,64,3220,0.5183976292610168,132.0,2317.0
5996,22,1115,0.9410335421562195,133.0,2185.0
5996,23,1161,0.7389312386512756,134.0,2727.0
5996,23,1169,0.8727578520774841,135.0,888.0
5996,25,1271,0.8498138785362244,136.0,729.0
5996,25,1294,0.22064585983753204,137.0,1396.0
6021,180,9044,0.9841979146003723,138.0,2874.0
6021,180,9049,0.9021572470664978,139.0,3272.0
6021,182,9115,0.4748134911060333,140.0,3385.0
6021,182,9141,0.2629354000091553,141.0,2922.0
6021,182,9150,0.9527015089988708,142.0,1357.0
6021,184,9211,0.30511265993118286,143.0,1640.0
6021,184,9231,0.7175976634025574,144.0,3401.0
6021,185,9275,0.9915628433227539,145.0,2602.0
6021,185,9277,0.8679161071777344,146.0,1688.0
6021,186,9302,0.5148531794548035,147.0,3274.0
6021,186,9304,0.05359956622123718,148.0,1339.0
6021,186,9310,0.8408606052398682,149.0,336.0
6021,186,9347,0.9461060762405396,150.0,2598.0
6021,187,9387,0.8297027945518494,151.0,2061.0
6021,188,9412,0.4776979982852936,152.0,1548.0
6021,188,9422,0.09409983456134796,153.0,1781.0
6021,188,9426,0.9951170682907104,154.0,1121.0
6021,188,9428,0.9563254714012146,155.0,301.0
6027,122,6128,0.9061622023582458,156.0,3114.0
6027,122,6147,0.8070194721221924,157.0,689.0
6027,122,6148,0.979430615901947,158.0,2983.0
6027,122,6150,0.8704068064689636,159.0,1565.0
6027,123,6159,0.9630058407783508,160.0,3722.0
6027,123,6177,0.9753751754760742,161.0,2762.0
6027,124,6202,0.9424448013305664,162.0,2368.0
6027,124,6229,0.9955292344093323,163.0,1335.0
6027,124,6241,0.3076084852218628,164.0,1815.0
6004,174,8703,0.5179405808448792,165.0,2739.0
6004,174,8722,0.32364314794540405,166.0,2577.0
6004,174,8731,0.0007171386969275773,167.0,604.0
6004,174,8741,0.4680917263031006,168.0,1700.0
6004,192,9601,0.9984493255615234,169.0,2048.0
6004,192,9624,0.38537368178367615,170.0,3989.0
6004,192,9649,0.8548390865325928,171.0,2304.0
6004,195,9790,0.964704692363739,172.0,2481.0
6004,198,9901,0.9150513410568237,173.0,2590.0
6004,198,9943,0.7821860313415527,174.0,5318.0
6007,94,4703,0.9788418412208557,175.0,3743.0
6007,94,4732,0.5208889842033386,176.0,2320.0
6007,94,4735,0.9194456934928894,177.0,3402.0
6007,95,4754,0.5172097086906433,178.0,2235.0
6007,95,4782,0.9795473217964172,179.0,1753.0
6007,96,4834,0.14593538641929626,180.0,2635.0
6007,96,4846,0.06312289834022522,181.0,1031.0
6007,97,4865,0.7744047045707703,182.0,1629.0
6007,97,4876,0.9388995170593262,183.0,1910.0
6007,97,4880,0.9965174198150635,184.0,3313.0
6007,100,5042,0.9809766411781311,185.0,958.0
6007,101,5055,0.8884578943252563,186.0,1078.0
6007,101,5091,0.10062412172555923,187.0,2890.0
6007,102,5112,0.9818228483200073,188.0,3256.0
6007,102,5131,0.9140740036964417,189.0,1773.0
6007,104,5230,0.6743489503860474,190.0,1899.0
6004,54,2702,0.9074176549911499,191.0,2943.0
6004,54,2707,0.9973798394203186,192.0,1078.0
6004,57,2891,0.9926740527153015,193.0,2404.0
6004,57,2892,0.19841381907463074,194.0,5004.0
6004,57,2897,0.8769441843032837,195.0,1925.0
6004,60,3013,0.7118082642555237,196.0,1396.0
6004,60,3019,0.9989424347877502,197.0,1502.0
6004,61,3052,0.1734997034072876,198.0,3473.0
6041,8,405,0.9988088607788086,199.0,1082.0
6041,8,417,0.712640106678009,200.0,429.0
6041,8,450,0.6809501647949219,201.0,751.0
6041,9,466,0.9966689944267273,202.0,1852.0
6041,10,539,0.8335384726524353,203.0,1744.0
6041,11,571,0.42722630500793457,204.0,2363.0
6041,11,577,0.843628466129303,205.0,2277.0
6041,12,610,0.8878453373908997,206.0,2004.0
6041,12,630,0.9061012268066406,207.0,1062.0
6041,12,647,0.986257016658783,208.0,3350.0
6041,13,664,0.925701379776001,209.0,2933.0
6041,13,698,0.996896505355835,210.0,1945.0
6041,14,741,0.8989566564559937,211.0,1130.0
6041,16,807,0.9881055355072021,212.0,1725.0
6041,16,813,0.3144800662994385,213.0,943.0
6041,16,834,0.8769152164459229,214.0,3208.0
6041,16,837,0.8078336715698242,215.0,4197.0
6041,17,852,0.914326548576355,216.0,5047.0
6041,17,856,0.9743402600288391,217.0,360.0
6041,17,872,0.9459699392318726,218.0,1420.0
6041,17,875,0.6145668625831604,219.0,3198.0
6041,17,879,0.9982386827468872,220.0,3832.0
6041,17,884,0.9375021457672119,221.0,2135.0
6026,37,1861,0.48831015825271606,222.0,6202.0
6026,37,1863,0.5185453295707703,223.0,2900.0
6026,38,1911,0.7439163327217102,224.0,1562.0
6026,38,1941,0.9057914614677429,225.0,1683.0
6026,39,1995,0.9418111443519592,226.0,1513.0
6026,39,1997,0.08368128538131714,227.0,1776.0
6026,40,2004,0.8101937770843506,228.0,2652.0
6026,40,2014,0.9976291060447693,229.0,601.0
6026,40,2041,0.5761356949806213,230.0,2784.0
6026,41,2051,0.937716543674469,231.0,3090.0
6026,42,2104,0.9812102913856506,232.0,2771.0
6026,42,2146,0.5456633567810059,233.0,1360.0
6026,43,2161,0.3377585709095001,234.0,840.0
6026,43,2195,0.8522000908851624,235.0,3545.0
6026,44,2228,0.954854428768158,236.0,3500.0
6026,45,2261,0.538449227809906,237.0,1118.0
6026,46,2314,0.9845922589302063,238.0,1554.0
6026,46,2323,0.3321215808391571,239.0,493.0
6022,100,5034,0.9973445534706116,240.0,1048.0
6022,100,5043,0.9971795082092285,241.0,2371.0
6022,138,6907,0.8883032202720642,242.0,2542.0
6022,138,6910,0.9549809694290161,243.0,1836.0
6022,141,7064,0.8261242508888245,244.0,4995.0
6022,142,7130,0.9817813634872437,245.0,1773.0
6022,143,7198,0.28080546855926514,246.0,1270.0
6022,144,7220,0.9501793384552002,247.0,3090.0
6022,146,7323,0.5101185441017151,248.0,3199.0
6022,147,7377,0.2758326530456543,249.0,2845.0
6031,10,550,0.8959198594093323,250.0,1283.0
6031,11,580,0.9892265200614929,251.0,1468.0
6031,11,581,0.9819192886352539,252.0,3445.0
6031,12,606,0.9987683892250061,253.0,2320.0
6031,12,632,0.21923425793647766,254.0,956.0
6031,12,633,0.2565799355506897,255.0,179.0
6031,12,639,0.12120286375284195,256.0,5498.0
6031,13,669,0.9307337403297424,257.0,677.0
6031,13,674,0.7917949557304382,258.0,990.0
6031,13,676,0.9977394342422485,259.0,3244.0
6031,13,683,0.4000347852706909,260.0,3730.0
6031,14,702,0.33221882581710815,261.0,3571.0
6031,14,725,0.41579708456993103,262.0,1531.0
6031,14,728,0.8561019897460938,263.0,3667.0
6031,15,774,0.8657557368278503,264.0,4310.0
6031,15,799,0.5564152002334595,265.0,2301.0
6031,16,807,0.7896054983139038,266.0,1943.0
6031,16,818,0.9915607571601868,267.0,572.0
6031,16,826,0.9990023970603943,268.0,1619.0
6031,17,882,0.9063140153884888,269.0,3230.0
6031,18,905,0.29315072298049927,270.0,4322.0
6031,19,964,0.9519533514976501,271.0,1509.0
6026,75,3768,0.7837404608726501,272.0,2311.0
6026,77,3854,0.9076336622238159,273.0,1400.0
6026,81,4051,0.40140974521636963,274.0,3513.0
6026,81,4093,0.9866052269935608,275.0,1974.0
6026,82,4139,0.8660591244697571,276.0,672.0
6026,82,4148,0.5065017938613892,277.0,4166.0
6043,108,5412,0.08565115183591843,278.0,801.0
6043,108,5428,0.8384949564933777,279.0,3306.0
6043,111,5559,0.2728404998779297,280.0,1813.0
6043,112,5637,0.8373119235038757,281.0,894.0
6043,113,5659,0.9777461290359497,282.0,2850.0
6043,113,5671,0.9978469610214233,283.0,805.0
6043,113,5689,0.9988769888877869,284.0,4902.0
6043,114,5708,0.5563796758651733,285.0,2920.0
6043,114,5750,0.498745858669281,286.0,3810.0
6043,151,7584,0.5492659211158752,287.0,1568.0
6043,151,7587,0.9112978577613831,288.0,3589.0
6043,177,8874,0.5463504791259766,289.0,806.0
6043,177,8880,0.09047283232212067,290.0,1336.0
6043,177,8886,0.820695698261261,291.0,2254.0
6043,182,9141,0.9365558624267578,292.0,2418.0
6007,0,12,0.7880468368530273,293.0,1865.0
6007,1,95,0.9985693693161011,294.0,2248.0
6007,3,171,0.9880637526512146,295.0,2349.0
6007,3,191,0.3677884042263031,296.0,692.0
6007,3,199,0.7381046414375305,297.0,1580.0
6007,4,208,0.975243866443634,298.0,2872.0
6007,4,212,0.9953367114067078,299.0,584.0
6007,5,256,0.6493151783943176,300.0,2969.0
6007,7,370,0.9557734131813049,301.0,884.0
6007,7,381,0.9944022297859192,302.0,1035.0
6007,7,399,0.9371803998947144,303.0,2633.0
6007,8,402,0.943725049495697,304.0,3617.0
6007,8,422,0.11243770271539688,305.0,2357.0
6007,9,494,0.2781887352466583,306.0,3724.0
6007,10,519,0.24876651167869568,307.0,1000.0
6007,10,544,0.4707527160644531,308.0,2470.0
6007,11,554,0.9581864476203918,309.0,2476.0
6007,11,585,0.577107310295105,310.0,2007.0
6050,14,713,0.9520758390426636,311.0,1137.0
6050,15,762,0.9705501794815063,312.0,1686.0
6050,15,777,0.7704707980155945,313.0,3358.0
6050,17,856,0.7718963027000427,314.0,1942.0
6050,18,942,0.9944435954093933,315.0,1063.0
6050,29,1451,0.7462822198867798,316.0,432.0
6050,29,1480,0.6988071799278259,317.0,1197.0
6050,29,1490,0.974067747592926,318.0,1405.0
6050,32,1604,0.9772391319274902,319.0,2035.0
6050,33,1681,0.9991797804832458,320.0,1275.0
6050,33,1687,0.9998522996902466,321.0,4253.0
6050,33,1693,0.9378972053527832,322.0,1837.0
6050,34,1703,0.7862640023231506,323.0,2593.0
6050,35,1756,0.8906603455543518,324.0,3185.0
6050,35,1770,0.9962869882583618,325.0,3038.0
6050,35,1777,0.9197418093681335,326.0,809.0
6050,36,1814,0.7907055616378784,327.0,3400.0
6001,27,1361,0.8889106512069702,328.0,1355.0
6001,27,1378,0.6082556247711182,329.0,4505.0
6001,28,1407,0.32014182209968567,330.0,2656.0
6001,28,1434,0.9957862496376038,331.0,1675.0
6001,30,1511,0.6766271591186523,332.0,1785.0
6001,30,1550,0.8855329155921936,333.0,3047.0
6001,35,1767,0.5233542919158936,334.0,2798.0
6021,87,4368,0.9846715331077576,335.0,3763.0
6021,87,4369,0.9993481040000916,336.0,1825.0
6021,87,4378,0.06418749690055847,337.0,1188.0
6022,154,7746,0.8418527245521545,338.0,1868.0
6026,57,2856,0.7247443199157715,339.0,2063.0
6026,57,2866,0.03047018311917782,340.0,1109.0
6026,57,2871,0.7613969445228577,341.0,1500.0
6026,58,2902,0.8763236999511719,342.0,542.0
6026,58,2920,0.9261457920074463,343.0,758.0
6026,58,2946,0.6330937147140503,344.0,3406.0
6037,8,404,0.47457802295684814,345.0,906.0
6037,8,418,0.9986085295677185,346.0,733.0
6037,8,434,0.889680027961731,347.0,938.0
6037,12,603,0.6708852052688599,348.0,2801.0
6037,12,641,0.9876028895378113,349.0,1507.0
6037,16,832,0.8778427243232727,350.0,814.0
6037,16,841,0.8964215517044067,351.0,2848.0
6037,20,1014,0.6945457458496094,352.0,3053.0
6037,20,1021,0.1862853318452835,353.0,3429.0
6037,20,1049,0.9697282314300537,354.0,2751.0
6026,1,64,0.9989134073257446,355.0,2332.0
6026,2,107,0.9986141920089722,356.0,2149.0
6026,5,267,0.8260993957519531,357.0,2866.0
6026,6,339,0.4022325575351715,358.0,2004.0
6026,8,413,0.42363137006759644,359.0,1840.0
6026,8,437,0.5855082869529724,360.0,1276.0
6026,9,461,0.6602292060852051,361.0,3069.0
6026,9,483,0.5125394463539124,362.0,1510.0
6026,10,526,0.9941216111183167,363.0,1171.0
6026,10,547,0.6100949645042419,364.0,1537.0
6026,12,628,0.9607451558113098,365.0,527.0
6026,12,633,0.9566570520401001,366.0,2328.0
6026,12,637,0.5113493204116821,367.0,1270.0
6027,57,2879,0.8959574103355408,368.0,1210.0
6027,57,2885,0.9907562136650085,369.0,3087.0
6027,58,2930,0.9981028437614441,370.0,2274.0
6027,58,2949,0.5017756819725037,371.0,1159.0
6027,61,3065,0.9906280040740967,372.0,2343.0
6027,62,3116,0.9563151597976685,373.0,1436.0
6027,62,3137,0.9529277682304382,374.0,1227.0
6027,63,3162,0.6961147785186768,375.0,1109.0
6027,63,3174,0.9842696189880371,376.0,4287.0
6027,63,3176,0.5584681630134583,377.0,5951.0
6027,75,3757,0.6957637667655945,378.0,1373.0
6001,0,2,0.9987760186195374,379.0,2135.0
6001,0,29,0.927274763584137,380.0,1174.0
6001,0,34,0.47118863463401794,381.0,3430.0
6001,1,94,0.3358533978462219,382.0,1542.0
6021,0,13,0.9393680095672607,383.0,2529.0
6021,1,78,0.4810875356197357,384.0,2901.0
6021,72,3646,0.3934098780155182,385.0,3203.0
6021,73,3671,0.999118983745575,386.0,2337.0
6021,208,10433,0.8357947468757629,387.0,3163.0
6021,211,10567,0.9930376410484314,388.0,2078.0
6021,213,10697,0.8817422389984131,389.0,1563.0
6027,46,2325,0.9089686274528503,390.0,861.0
6027,46,2333,0.9774690270423889,391.0,2042.0
6027,47,2354,0.9959157109260559,392.0,3143.0
6027,49,2481,0.3084716796875,393.0,3894.0
6027,52,2610,0.9441907405853271,394.0,2640.0
6027,52,2613,0.7522584199905396,395.0,4003.0
6027,52,2623,0.23008494079113007,396.0,1286.0
6027,53,2663,0.9944128394126892,397.0,1454.0
6027,53,2670,0.803922176361084,398.0,2226.0
6027,54,2708,0.2707429528236389,399.0,2873.0
6027,54,2714,0.9576417207717896,400.0,2055.0
6027,54,2725,0.478942334651947,401.0,3494.0
6027,55,2775,0.8700937628746033,402.0,2367.0
6031,147,7368,0.25389838218688965,403.0,2072.0
6031,147,7398,0.18705083429813385,404.0,2628.0
6031,149,7494,0.5139924883842468,405.0,1263.0
6031,149,7495,0.9729386568069458,406.0,730.0
6031,152,7610,0.9356399178504944,407.0,6280.0
6031,152,7619,0.2184157520532608,408.0,886.0
6031,163,8177,0.6699579358100891,409.0,1513.0
6050,22,1103,0.9984766840934753,410.0,2108.0
6050,22,1147,0.9908695220947266,411.0,2357.0
6050,26,1304,0.7973490357398987,412.0,2378.0
6050,26,1317,0.9966080188751221,413.0,1672.0
6050,26,1325,0.9570008516311646,414.0,698.0
6050,26,1328,0.8597601056098938,415.0,368.0
6050,26,1336,0.7010431289672852,416.0,2271.0
6050,30,1512,0.047186803072690964,417.0,959.0
6050,31,1558,0.32355257868766785,418.0,1699.0
6050,31,1599,0.958372950553894,419.0,1918.0
6021,93,4672,0.9577382206916809,420.0,1925.0
6021,93,4679,0.9494546055793762,421.0,2282.0
6036,2,149,0.8609623312950134,422.0,1721.0
6036,7,368,0.9873390197753906,423.0,593.0
6036,8,436,0.15654116868972778,424.0,1503.0
6036,10,527,0.9743685722351074,425.0,1083.0
6036,10,529,0.9835414290428162,426.0,2134.0
6036,11,571,0.19231490790843964,427.0,1308.0
6036,11,579,0.9814417362213135,428.0,1742.0
6036,11,583,0.785066545009613,429.0,1268.0
6036,14,704,0.5277562141418457,430.0,2475.0
6036,14,745,0.9826001524925232,431.0,3149.0
6025,81,4080,0.9036264419555664,432.0,3668.0
6025,81,4099,0.7216930985450745,433.0,900.0
6025,82,4104,0.8340927958488464,434.0,1376.0
6025,82,4110,0.9513509273529053,435.0,2651.0
6025,82,4131,0.7261976003646851,436.0,1495.0
6025,82,4132,0.8528700470924377,437.0,2000.0
6025,84,4226,0.10321339219808578,438.0,1795.0
6025,84,4244,0.5490210652351379,439.0,3050.0
6025,85,4267,0.8856109380722046,440.0,606.0
6025,85,4290,0.9384148716926575,441.0,1385.0
6025,86,4328,0.9997099041938782,442.0,1229.0
6025,86,4339,0.8451393246650696,443.0,2146.0
6025,87,4368,0.8968582153320312,444.0,2348.0
6025,90,4536,0.968381404876709,445.0,870.0
6025,90,4544,0.32293498516082764,446.0,5848.0
6022,60,3016,0.9470900893211365,447.0,325.0
6022,60,3024,0.8529111742973328,448.0,4006.0
6022,120,6011,0.9765341281890869,449.0,1847.0
6022,120,6022,0.3940495252609253,450.0,573.0
6022,121,6063,0.8221457600593567,451.0,623.0
6022,121,6076,0.5667279958724976,452.0,1809.0
6022,122,6115,0.9997662901878357,453.0,2359.0
6022,122,6149,0.7641724944114685,454.0,1414.0
6022,122,6150,0.10451299697160721,455.0,1266.0
6022,123,6174,0.480129212141037,456.0,649.0
6022,123,6195,0.9898338317871094,457.0,3838.0
6025,20,1047,0.9985020160675049,458.0,1457.0
6025,21,1067,0.8882781267166138,459.0,2522.0
6025,21,1069,0.050093650817871094,460.0,2585.0
6025,21,1083,0.6965748071670532,461.0,2143.0
6025,23,1187,0.999211311340332,462.0,882.0
6025,23,1200,0.36799854040145874,463.0,4524.0
6025,24,1201,0.6759392619132996,464.0,1249.0
6025,24,1209,0.9394336342811584,465.0,2939.0
6025,25,1264,0.9547135829925537,466.0,3709.0
6025,25,1274,0.9929967522621155,467.0,1803.0
6025,27,1377,0.14665822684764862,468.0,3700.0
6025,28,1403,0.9583314657211304,469.0,3370.0
6025,28,1404,0.6616969704627991,470.0,2113.0
6025,28,1415,0.991358757019043,471.0,1808.0
6025,28,1433,0.483627051115036,472.0,3827.0
6025,29,1460,0.5306098461151123,473.0,3045.0
6025,29,1476,0.9954304695129395,474.0,2379.0
6025,29,1488,0.8682772517204285,475.0,2940.0
6025,29,1491,0.9976159334182739,476.0,1463.0
6022,26,1310,0.32166242599487305,477.0,1310.0
6022,26,1311,0.9039560556411743,478.0,3497.0
6022,48,2421,0.9858357906341553,479.0,2033.0
6022,48,2443,0.9958202838897705,480.0,3215.0
6022,49,2482,0.8679652214050293,481.0,1181.0
6022,49,2491,0.9565703272819519,482.0,2053.0
6022,126,6315,0.6721131801605225,483.0,2550.0
6022,126,6321,0.7182889580726624,484.0,1418.0
6022,126,6328,0.8504291772842407,485.0,1530.0
6022,126,6349,0.410086989402771,486.0,3144.0
6022,177,8857,0.9965521097183228,487.0,4227.0
6022,177,8863,0.8713114857673645,488.0,2606.0
6022,179,8961,0.8864230513572693,489.0,1875.0
6022,179,8963,0.8845329284667969,490.0,1333.0
6046,138,6919,0.976026713848114,491.0,2457.0
6046,138,6946,0.5502423048019409,492.0,194.0
6046,139,6986,0.9990436434745789,493.0,4032.0
6046,139,6998,0.9797037839889526,494.0,3243.0
6046,140,7033,0.9940253496170044,495.0,1707.0
6046,141,7051,0.5397232174873352,496.0,3428.0
6046,141,7088,0.7378129363059998,497.0,3244.0
6046,142,7137,0.8573481440544128,498.0,2551.0
6046,142,7140,0.8362229466438293,499.0,2145.0
6046,143,7197,0.8768495917320251,500.0,3985.0
6046,144,7205,0.9969152212142944,501.0,1473.0
6046,144,7239,0.9772975444793701,502.0,2566.0
6046,144,7243,0.9997944235801697,503.0,2218.0
6046,145,7251,0.9048254489898682,504.0,1339.0
6046,146,7347,0.7751352190971375,505.0,2414.0
6046,147,7358,0.08532156050205231,506.0,2239.0
6046,147,7371,0.6793813109397888,507.0,1507.0
6030,6,340,0.9741436243057251,508.0,3017.0
6030,7,388,0.9264988899230957,509.0,2242.0
6030,8,416,0.7262504696846008,510.0,1754.0
6030,8,423,0.899292528629303,511.0,3684.0
6030,11,562,0.9999313354492188,512.0,1483.0
6030,11,593,0.9867570400238037,513.0,1425.0
6030,12,647,0.9964094758033752,514.0,3258.0
6030,13,658,0.7522826194763184,515.0,800.0
6030,13,664,0.9946369528770447,516.0,2609.0
6030,14,731,0.6086115837097168,517.0,3115.0
6030,14,734,0.7775365114212036,518.0,395.0
6030,15,785,0.9040722846984863,519.0,1266.0
6044,15,751,0.7782258987426758,520.0,2248.0
6044,15,752,0.2924637794494629,521.0,1394.0
6044,15,762,0.9949387311935425,522.0,3118.0
6044,15,769,0.9924497604370117,523.0,2226.0
6021,124,6221,0.8170676231384277,524.0,1855.0
6021,125,6275,0.9544805884361267,525.0,2767.0
6021,126,6321,0.9823480844497681,526.0,1572.0
6021,126,6322,0.21989713609218597,527.0,827.0
6011,53,2667,0.5789245367050171,528.0,1554.0
6011,53,2677,0.9797994494438171,529.0,1722.0
6011,53,2693,0.9931402802467346,530.0,646.0
6011,54,2746,0.18592475354671478,531.0,3143.0
6011,56,2820,0.9223406314849854,532.0,3775.0
6011,56,2823,0.9943075776100159,533.0,1451.0
6011,56,2838,0.07006260752677917,534.0,423.0
6011,57,2869,0.8060205578804016,535.0,2853.0
6011,57,2896,0.36903563141822815,536.0,1773.0
6011,63,3194,0.8586205840110779,537.0,3228.0
6043,152,7629,0.9586073160171509,538.0,1504.0
6043,153,7681,0.8991172909736633,539.0,3761.0
6043,155,7796,0.6504983305931091,540.0,1512.0
6043,156,7818,0.8065016865730286,541.0,1659.0
6043,156,7822,0.6760279536247253,542.0,891.0
6043,156,7831,0.6417319178581238,543.0,2609.0
6043,158,7914,0.9374363422393799,544.0,1731.0
6043,159,7962,0.9004368782043457,545.0,926.0
6043,159,7983,0.8775313496589661,546.0,4911.0
6043,159,7990,0.9591098427772522,547.0,1362.0
6043,159,8000,0.5313521027565002,548.0,1613.0
6043,161,8075,0.5896875858306885,549.0,3797.0
6043,162,8138,0.4528571367263794,550.0,2979.0
6021,28,1432,0.43385782837867737,551.0,2364.0
6025,71,3564,0.958169162273407,552.0,971.0
6025,71,3595,0.920030415058136,553.0,1745.0
6025,72,3622,0.8693903088569641,554.0,1213.0
6025,72,3629,0.6673150658607483,555.0,3028.0
6025,74,3704,0.8771395087242126,556.0,2442.0
6025,74,3710,0.909367024898529,557.0,1007.0
6025,74,3721,0.4892657399177551,558.0,1568.0
6025,77,3897,0.9836469292640686,559.0,1676.0
6025,78,3927,0.9721531271934509,560.0,1761.0
6025,78,3935,0.970530092716217,561.0,519.0
6025,80,4002,0.9284722805023193,562.0,2539.0
6025,80,4027,0.2997126281261444,563.0,1229.0
6000,13,659,0.8961716294288635,564.0,800.0
6000,13,692,0.9910088181495667,565.0,557.0
6000,13,694,0.9974533915519714,566.0,3208.0
6000,13,696,0.27230820059776306,567.0,1092.0
6000,14,703,0.7675052881240845,568.0,1888.0
6000,14,742,0.9632203578948975,569.0,583.0
6000,17,873,0.9985194802284241,570.0,2240.0
6000,18,935,0.9012391567230225,571.0,1685.0
6000,18,947,0.9330393671989441,572.0,1258.0
6000,19,980,0.9820376634597778,573.0,938.0
6000,19,998,0.9946244359016418,574.0,1633.0
6000,21,1056,0.5141394138336182,575.0,3592.0
6000,22,1112,0.015761960297822952,576.0,1413.0
6000,22,1129,0.9759954810142517,577.0,2505.0
6000,23,1167,0.858916699886322,578.0,1582.0
6000,23,1181,0.9537197351455688,579.0,2494.0
6000,23,1183,0.8019517660140991,580.0,3271.0
6000,23,1197,0.9379814267158508,581.0,1103.0
6000,36,1803,0.9828845262527466,582.0,3286.0
6021,138,6916,0.2424221932888031,583.0,3914.0
6026,27,1386,0.9981824159622192,584.0,1626.0
6026,28,1416,0.9748042821884155,585.0,1464.0
6026,28,1420,0.748498260974884,586.0,4313.0
6026,28,1430,0.8886937499046326,587.0,5290.0
6026,29,1454,0.8563054800033569,588.0,953.0
6026,29,1476,0.23461894690990448,589.0,945.0
6026,31,1580,0.14224353432655334,590.0,2206.0
6026,31,1592,0.8927699327468872,591.0,1745.0
6026,31,1595,0.5920463800430298,592.0,875.0
6026,32,1621,0.15407434105873108,593.0,3561.0
6026,33,1670,0.4260675013065338,594.0,593.0
6026,33,1671,0.9994958639144897,595.0,1469.0
6026,33,1695,0.9437676668167114,596.0,190.0
6026,33,1697,0.0787791907787323,597.0,2519.0
6026,36,1844,0.798410177230835,598.0,2076.0
6026,36,1845,0.31527435779571533,599.0,1288.0
6031,98,4916,0.9803140163421631,600.0,764.0
6031,98,4924,0.9963544607162476,601.0,517.0
6031,98,4933,0.921521782875061,602.0,3235.0
6031,103,5175,0.00496033625677228,603.0,1072.0
6031,103,5195,0.6039376258850098,604.0,1787.0
6031,104,5222,0.9975270628929138,605.0,810.0
6031,104,5230,0.0450182780623436,606.0,674.0
6031,104,5245,0.9646415710449219,607.0,2674.0
6031,107,5385,0.7752441167831421,608.0,1804.0
6031,107,5389,0.9681251645088196,609.0,4115.0
6031,110,5522,0.18846918642520905,610.0,2320.0
6031,110,5526,0.8332048654556274,611.0,1662.0
6031,112,5606,0.8363794088363647,612.0,381.0
6031,112,5613,0.909184992313385,613.0,4663.0
6031,113,5680,0.8010897636413574,614.0,1301.0
6031,113,5691,0.81448894739151,615.0,1688.0
6031,116,5802,0.971721887588501,616.0,519.0
6031,128,6409,0.47555676102638245,617.0,3168.0
6031,128,6425,0.8444511294364929,618.0,1939.0
6007,156,7822,0.9947127103805542,619.0,676.0
6007,156,7823,0.9780527949333191,620.0,765.0
6007,156,7826,0.7363266348838806,621.0,1132.0
6007,156,7848,0.998702883720398,622.0,1341.0
6004,128,6403,0.6529695987701416,623.0,1142.0
6004,128,6410,0.050976864993572235,624.0,2668.0
6004,129,6472,0.43989789485931396,625.0,491.0
6004,130,6544,0.9633862972259521,626.0,1409.0
6004,130,6548,0.28496670722961426,627.0,5546.0
6004,131,6553,0.7851120233535767,628.0,2925.0
6004,131,6554,0.9549896121025085,629.0,1137.0
6004,131,6577,0.6865335702896118,630.0,1196.0
6004,132,6603,0.9493992328643799,631.0,1939.0
6004,132,6616,0.9905911087989807,632.0,858.0
6004,132,6629,0.9392576813697815,633.0,1204.0
6004,132,6641,0.9041937589645386,634.0,1454.0
6004,133,6651,0.8598380088806152,635.0,2414.0
6004,133,6671,0.6048107743263245,636.0,4724.0
6004,133,6692,0.7110583782196045,637.0,2349.0
6004,133,6699,0.9806759357452393,638.0,1487.0
6004,135,6758,0.8506972193717957,639.0,6994.0
6004,135,6782,0.5885375142097473,640.0,2243.0
6004,136,6823,0.9770145416259766,641.0,2320.0
6004,136,6841,0.7388587594032288,642.0,2398.0
6004,137,6854,0.37254634499549866,643.0,2112.0
6004,137,6875,0.28173768520355225,644.0,639.0
6004,137,6885,0.9902929067611694,645.0,3276.0
6007,35,1753,0.7232217788696289,646.0,684.0
6007,35,1755,0.9862706661224365,647.0,1437.0
6007,36,1801,0.1765977293252945,648.0,1818.0
6007,36,1810,0.9640284180641174,649.0,906.0
6007,36,1819,0.24639883637428284,650.0,1701.0
6007,36,1824,0.9929077625274658,651.0,2007.0
6007,37,1857,0.01454082690179348,652.0,2412.0
6007,39,1965,0.9978061318397522,653.0,3132.0
6007,40,2012,0.9638062119483948,654.0,1755.0
6007,40,2022,0.4900493621826172,655.0,1829.0
6007,41,2095,0.4820569157600403,656.0,1959.0
6007,42,2103,0.9768476486206055,657.0,2841.0
6007,50,2505,0.8004319071769714,658.0,3430.0
6007,50,2537,0.9656158685684204,659.0,5627.0
6007,51,2556,0.9808939695358276,660.0,286.0
6007,51,2567,0.11585835367441177,661.0,643.0
6007,51,2575,0.9632755517959595,662.0,3043.0
6007,51,2581,0.9441055059432983,663.0,3567.0
6007,52,2644,0.03002392314374447,664.0,1934.0
6007,54,2724,0.9996793270111084,665.0,2822.0
6007,55,2763,0.9146054983139038,666.0,2495.0
6007,56,2802,0.054179590195417404,667.0,3412.0
6007,56,2810,0.9787574410438538,668.0,1672.0
6007,56,2831,0.9927197694778442,669.0,1852.0
6007,56,2850,0.721197247505188,670.0,1346.0
6007,57,2867,0.996225118637085,671.0,3150.0
6007,57,2868,0.45476874709129333,672.0,1007.0
6007,57,2897,0.8068804144859314,673.0,1066.0
6007,58,2943,0.847465991973877,674.0,4761.0
6007,59,2995,0.5188814997673035,675.0,3965.0
6021,63,3154,0.4878199100494385,676.0,1261.0
6021,63,3159,0.9954589605331421,677.0,3396.0
6021,63,3175,0.9958657026290894,678.0,674.0
6026,3,193,0.9162335395812988,679.0,3032.0
6026,7,357,0.0481623075902462,680.0,1371.0
6026,7,363,0.9794281125068665,681.0,701.0
6026,7,366,0.9679601788520813,682.0,2213.0
6026,7,382,0.21899621188640594,683.0,2289.0
6026,7,385,0.989327073097229,684.0,241.0
6026,7,399,0.714901864528656,685.0,2169.0
6026,11,569,0.8894727826118469,686.0,648.0
6026,15,765,0.2227720022201538,687.0,3329.0
6026,16,811,0.9763477444648743,688.0,3187.0
6026,16,840,0.9637545347213745,689.0,2195.0
6026,16,841,0.5599994659423828,690.0,1914.0
6026,62,3104,0.4031784236431122,691.0,3815.0
6026,62,3145,0.2036399245262146,692.0,2121.0
6026,69,3469,0.12040276825428009,693.0,801.0
6026,69,3475,0.9238244891166687,694.0,1520.0
6044,0,12,0.9563405513763428,695.0,4208.0
6044,0,32,0.9983489513397217,696.0,1683.0
6044,2,147,0.5697610378265381,697.0,2756.0
6044,4,227,0.9854685664176941,698.0,2063.0
6044,5,260,0.9992210865020752,699.0,2419.0
6044,5,297,0.9294993281364441,700.0,1257.0
6044,8,449,0.17938941717147827,701.0,2182.0
6044,9,467,0.9808165431022644,702.0,1811.0
6044,9,482,0.5526607036590576,703.0,1206.0
6044,9,495,0.9809296131134033,704.0,790.0
6004,196,9845,0.8319653868675232,705.0,3812.0
6004,197,9865,0.8422678709030151,706.0,1894.0
6021,62,3126,0.9788453578948975,707.0,2217.0
6021,62,3144,0.994602620601654,708.0,2430.0
6021,144,7250,0.4877529740333557,709.0,6478.0
6021,146,7311,0.7671993970870972,710.0,3100.0
6021,146,7313,0.9765679240226746,711.0,233.0
6021,147,7358,0.8119646906852722,712.0,3517.0
6021,147,7392,0.998581051826477,713.0,1024.0
6022,0,11,0.9655417203903198,714.0,1160.0
6022,0,14,0.9794283509254456,715.0,1115.0
6022,0,48,0.8694998621940613,716.0,3637.0
6022,2,132,0.9146672487258911,717.0,2055.0
6022,3,175,0.9841322898864746,718.0,1318.0
6022,4,204,0.8393659591674805,719.0,2243.0
6022,7,357,0.9979630708694458,720.0,2011.0
6022,7,378,0.8097909092903137,721.0,2988.0
6022,7,384,0.9583540558815002,722.0,419.0
6022,8,404,0.047659557312726974,723.0,2791.0
6022,8,429,0.8782172203063965,724.0,3022.0
6022,8,446,0.6910436153411865,725.0,395.0
6007,70,3513,0.12077841907739639,726.0,2341.0
6007,70,3522,0.8459138870239258,727.0,4276.0
6007,70,3536,0.9987658262252808,728.0,2267.0
6007,70,3538,0.9985994696617126,729.0,1306.0
6007,73,3658,0.8055117130279541,730.0,2140.0
6007,73,3684,0.584730327129364,731.0,3094.0
6007,74,3730,0.9920257925987244,732.0,543.0
6007,74,3731,0.897861897945404,733.0,1539.0
6007,74,3732,0.9753730297088623,734.0,1419.0
6007,74,3734,0.6327747106552124,735.0,4051.0
6007,75,3752,0.026968399062752724,736.0,2367.0
6007,75,3797,0.5826891660690308,737.0,1213.0
6007,76,3813,0.9832006692886353,738.0,2885.0
6007,76,3815,0.9678998589515686,739.0,4489.0
6007,77,3868,0.8735467195510864,740.0,1285.0
6007,77,3874,0.9984208345413208,741.0,1868.0
6007,77,3889,0.9981744289398193,742.0,953.0
6007,78,3902,0.27391988039016724,743.0,932.0
6007,78,3913,0.2603645622730255,744.0,3684.0
6001,38,1915,0.9687747359275818,745.0,1159.0
6001,38,1917,0.9359923601150513,746.0,1969.0
6007,43,2173,0.989585816860199,747.0,2460.0
6007,44,2218,0.03998454660177231,748.0,1675.0
6007,44,2225,0.5520350933074951,749.0,1574.0
6031,117,5884,0.9806852340698242,750.0,3177.0
6031,119,5984,0.9945797920227051,751.0,2360.0
6031,120,6006,0.6172307729721069,752.0,3496.0
6031,124,6249,0.24516767263412476,753.0,2166.0
6031,125,6270,0.18883037567138672,754.0,4056.0
6031,125,6299,0.9959806203842163,755.0,1696.0
6021,160,8039,0.39122480154037476,756.0,764.0
6021,160,8049,0.9955248832702637,757.0,2980.0
6024,20,1020,0.7146432399749756,758.0,1429.0
6024,21,1056,0.6224220395088196,759.0,2475.0
6024,21,1095,0.9309042096138,760.0,1767.0
6024,22,1128,0.437680721282959,761.0,2678.0
6024,22,1148,0.9998675584793091,762.0,1824.0
6024,24,1208,0.3365471363067627,763.0,596.0
6024,24,1223,0.41138073801994324,764.0,1081.0
6024,25,1268,0.9913586378097534,765.0,1617.0
6024,25,1274,0.9682803750038147,766.0,2136.0
6024,25,1276,0.3932686746120453,767.0,1405.0
6024,25,1290,0.8735125064849854,768.0,2535.0
6024,25,1298,0.2720564007759094,769.0,4550.0
6024,26,1326,0.9330813884735107,770.0,1524.0
6024,26,1327,0.9976193308830261,771.0,1750.0
6024,27,1352,0.6567927598953247,772.0,2008.0
6024,27,1386,0.5876731276512146,773.0,2598.0
6024,27,1391,0.028349123895168304,774.0,1517.0
6022,82,4141,0.1111205518245697,775.0,3296.0
6022,83,4156,0.973766028881073,776.0,2788.0
6022,83,4180,0.9499484300613403,777.0,2128.0
6022,83,4184,0.9514970183372498,778.0,1039.0
6022,102,5110,0.8837012052536011,779.0,3583.0
6022,103,5180,0.5603906512260437,780.0,1083.0
6022,103,5186,0.8534536361694336,781.0,1985.0
6022,104,5201,0.9919809103012085,782.0,2092.0
6022,104,5208,0.980945348739624,783.0,2492.0
6022,104,5226,0.9479779005050659,784.0,1472.0
6022,104,5233,0.9987213015556335,785.0,2933.0
6022,104,5241,0.9911632537841797,786.0,1196.0
6022,113,5674,0.901800811290741,787.0,1143.0
6022,113,5686,0.2586914896965027,788.0,866.0
6022,114,5742,0.22360090911388397,789.0,1559.0
6022,119,5979,0.9154200553894043,790.0,864.0
6022,124,6217,0.9506037831306458,791.0,1877.0
6022,124,6245,0.9868602156639099,792.0,941.0
6021,95,4752,0.23646928369998932,793.0,1431.0
6021,95,4755,0.8318182229995728,794.0,2959.0
6021,95,4780,0.6592322587966919,795.0,2022.0
6025,30,1543,0.9363417625427246,796.0,1844.0
6025,31,1565,0.10436620563268661,797.0,2840.0
6025,31,1578,0.7511963248252869,798.0,3467.0
6025,32,1608,0.16731493175029755,799.0,1960.0
6025,32,1640,0.185953751206398,800.0,1450.0
6021,20,1005,0.7333342432975769,801.0,4386.0
6021,20,1006,0.9249045848846436,802.0,3174.0
6021,20,1032,0.41657212376594543,803.0,1733.0
6021,20,1038,0.2177416831254959,804.0,2356.0
6021,55,2765,0.963360071182251,805.0,3188.0
6021,55,2772,0.1486525684595108,806.0,1618.0
6021,112,5622,0.9084370732307434,807.0,2119.0
6021,113,5658,0.9954224228858948,808.0,1769.0
6021,113,5660,0.724237322807312,809.0,3417.0
6021,113,5662,0.9985467791557312,810.0,1583.0
6021,113,5670,0.7450068593025208,811.0,1741.0
6021,114,5705,0.6365377902984619,812.0,2524.0
6021,114,5732,0.9870954751968384,813.0,2264.0
6021,230,11505,0.941298246383667,814.0,302.0
6021,230,11546,0.7111166715621948,815.0,2598.0
6021,231,11584,0.6864867806434631,816.0,1732.0
6021,231,11591,0.15556909143924713,817.0,3096.0
6021,232,11622,0.07302526384592056,818.0,1761.0
6021,232,11630,0.9845697283744812,819.0,2096.0
6043,149,7464,0.7475599646568298,820.0,570.0
6043,149,7469,0.9531588554382324,821.0,2868.0
6043,181,9075,0.9078590869903564,822.0,2732.0
6043,181,9079,0.8827559351921082,823.0,2438.0
6021,65,3290,0.784192681312561,824.0,1993.0
6043,138,6907,0.13694782555103302,825.0,2368.0
6043,138,6913,0.9982125759124756,826.0,3058.0
6043,139,6970,0.8488699793815613,827.0,2970.0
6043,139,6996,0.9587079286575317,828.0,2598.0
6043,140,7015,0.6685162782669067,829.0,3675.0
6043,140,7049,0.9963478446006775,830.0,3512.0
6043,142,7123,0.889137327671051,831.0,2700.0
6043,142,7135,0.3247722089290619,832.0,1120.0
6043,143,7165,0.9959083795547485,833.0,3166.0
6043,144,7205,0.9287022352218628,834.0,1571.0
6043,145,7280,0.9719180464744568,835.0,3713.0
6043,145,7286,0.9618220329284668,836.0,1535.0
6043,145,7289,0.5494392514228821,837.0,3096.0
6043,147,7400,0.054540663957595825,838.0,1928.0
6043,148,7433,0.27276507019996643,839.0,6170.0
6043,178,8934,0.9879299402236938,840.0,990.0
6043,178,8935,0.954094648361206,841.0,1533.0
6043,178,8936,0.16451597213745117,842.0,272.0
6031,60,3030,0.9680631756782532,843.0,1331.0
6031,61,3086,0.17660990357398987,844.0,1931.0
6031,62,3126,0.8259992599487305,845.0,4778.0
6031,63,3176,0.11862452328205109,846.0,1344.0
6032,0,38,0.9987995624542236,847.0,1871.0
6032,10,506,0.9522730112075806,848.0,1045.0
6032,10,520,0.7516134977340698,849.0,976.0
6027,2,142,0.9988036155700684,850.0,1846.0
6027,2,144,0.9519860744476318,851.0,1461.0
6030,102,5115,0.9997001886367798,852.0,1814.0
6030,102,5148,0.8435309529304504,853.0,510.0
6030,103,5159,0.7664146423339844,854.0,2263.0
6030,104,5204,0.900519847869873,855.0,1751.0
6030,104,5241,0.7044798731803894,856.0,1825.0
6030,104,5243,0.019383292645215988,857.0,1645.0
6030,104,5246,0.9138901829719543,858.0,1702.0
6030,106,5350,0.4218885898590088,859.0,2531.0
6030,107,5360,0.03980685770511627,860.0,3288.0
6030,107,5370,0.9931515455245972,861.0,1666.0
6030,107,5379,0.4938335418701172,862.0,1985.0
6030,109,5455,0.9801392555236816,863.0,2220.0
6030,109,5486,0.3147493302822113,864.0,3343.0
6030,114,5725,0.9920255541801453,865.0,741.0
6031,69,3487,0.9258492588996887,866.0,1090.0
6031,69,3490,0.9987779259681702,867.0,2822.0
6031,71,3568,0.020236754789948463,868.0,182.0
6031,71,3589,0.8989629745483398,869.0,827.0
6031,71,3590,0.9813924431800842,870.0,3520.0
6031,73,3668,0.11631964147090912,871.0,3311.0
6031,73,3672,0.8843709826469421,872.0,2067.0
6031,73,3697,0.9837118983268738,873.0,1498.0
6031,77,3876,0.8071581125259399,874.0,4118.0
6031,77,3882,0.9609199166297913,875.0,2305.0
6031,78,3926,0.5316841006278992,876.0,1636.0
6031,78,3927,0.9316658973693848,877.0,1378.0
6031,81,4056,0.6810576915740967,878.0,4489.0
6031,81,4080,0.019373266026377678,879.0,1326.0
6031,96,4847,0.46742597222328186,880.0,591.0
6031,170,8516,0.9420797824859619,881.0,3863.0
6031,170,8529,0.8475363254547119,882.0,1808.0
6031,170,8544,0.9877350926399231,883.0,571.0
6031,170,8550,0.9018418192863464,884.0,1538.0
6031,172,8645,0.992652416229248,885.0,794.0
6000,0,27,0.8441980481147766,886.0,2121.0
6000,0,47,0.2503238320350647,887.0,1929.0
6000,1,56,0.7346451282501221,888.0,3412.0
6000,1,60,0.9804818034172058,889.0,1937.0
6000,1,62,0.9254161715507507,890.0,2829.0
6000,1,94,0.6818573474884033,891.0,851.0
6000,2,150,0.9936884045600891,892.0,2639.0
6000,5,253,0.9867492318153381,893.0,1256.0
6000,5,269,0.8252807855606079,894.0,1981.0
6000,5,271,0.13574589788913727,895.0,1851.0
6000,5,272,0.9781367182731628,896.0,1330.0
6000,6,333,0.8619470000267029,897.0,2698.0
6000,7,351,0.9502567648887634,898.0,4102.0
6000,7,364,0.555063009262085,899.0,2973.0
6000,7,370,0.967202365398407,900.0,2030.0
6000,7,384,0.9778023958206177,901.0,1044.0
6000,8,402,0.856950044631958,902.0,2297.0
6000,8,411,0.8409935832023621,903.0,796.0
6000,8,416,0.9756338596343994,904.0,717.0
6046,35,1762,0.06051051989197731,905.0,2684.0
6046,35,1770,0.7790353298187256,906.0,2188.0
6046,38,1923,0.9684668183326721,907.0,6876.0
6046,38,1927,0.9051548838615417,908.0,2184.0
6046,39,1955,0.2517643868923187,909.0,1671.0
6046,42,2105,0.8451180458068848,910.0,2682.0
6046,48,2422,0.9944608211517334,911.0,2720.0
6046,48,2440,0.7079771757125854,912.0,4585.0
6046,51,2577,0.6715247631072998,913.0,2476.0
6046,51,2589,0.869316816329956,914.0,1536.0
6046,51,2594,0.8802559971809387,915.0,1841.0
6046,51,2595,0.5004411935806274,916.0,5334.0
6046,52,2604,0.7913055419921875,917.0,1024.0
6046,52,2608,0.20922285318374634,918.0,1618.0
6046,52,2616,0.0806291326880455,919.0,1827.0
6021,140,7003,0.9096881151199341,920.0,2927.0
6021,140,7029,0.8501087427139282,921.0,4597.0
6031,30,1535,0.9177626967430115,922.0,3989.0
6021,166,8309,0.9885843992233276,923.0,3324.0
6021,166,8350,0.651314914226532,924.0,1892.0
6043,55,2773,0.6884363293647766,925.0,4452.0
6043,56,2805,0.8946208953857422,926.0,1960.0
6043,57,2874,0.9942157864570618,927.0,1510.0
6043,58,2943,0.7437843084335327,928.0,2189.0
6043,61,3056,0.31597214937210083,929.0,1613.0
6043,61,3061,0.9319589138031006,930.0,2674.0
6043,61,3072,0.5457281470298767,931.0,1748.0
6043,61,3086,0.9553338885307312,932.0,2999.0
6043,61,3094,0.9980996251106262,933.0,2349.0
6043,63,3186,0.35573291778564453,934.0,1305.0
6043,63,3187,0.8809699416160583,935.0,775.0
6043,171,8579,0.6492469310760498,936.0,2717.0
6043,171,8580,0.7782014012336731,937.0,2930.0
6043,171,8594,0.9889163970947266,938.0,2352.0
6043,171,8598,0.9864650964736938,939.0,1161.0
6043,174,8705,0.41224047541618347,940.0,2212.0
6043,174,8725,0.9185651540756226,941.0,2679.0
6043,175,8768,0.7982622385025024,942.0,1073.0
6043,175,8772,0.41625455021858215,943.0,2203.0
6043,175,8785,0.9028580188751221,944.0,3471.0
6043,175,8786,0.7899954915046692,945.0,2045.0
6043,176,8814,0.04172810539603233,946.0,2323.0
6043,176,8820,0.9822441935539246,947.0,2074.0
6043,176,8827,0.8649379014968872,948.0,2239.0
6043,179,8957,0.6916541457176208,949.0,1891.0
6043,179,8972,0.9892827272415161,950.0,666.0
6043,179,8990,0.9619602560997009,951.0,2404.0
6043,180,9024,0.9785187244415283,952.0,1519.0
6043,180,9041,0.9913122057914734,953.0,3736.0
6043,183,9171,0.7990867495536804,954.0,2242.0
6043,186,9330,0.9719424843788147,955.0,1807.0
6043,186,9335,0.8621129393577576,956.0,2648.0
6043,187,9361,0.8616222739219666,957.0,2158.0
6000,10,505,0.951230525970459,958.0,2851.0
6000,10,546,0.920469343662262,959.0,2793.0
6000,11,568,0.9088225960731506,960.0,2266.0
6041,0,26,0.9492838978767395,961.0,924.0
6041,0,27,0.9546652436256409,962.0,392.0
6041,4,217,0.5314790606498718,963.0,2392.0
6044,10,543,0.9275153875350952,964.0,517.0
6027,0,43,0.9994279742240906,965.0,2434.0
6027,1,52,0.9999079704284668,966.0,2264.0
6027,1,58,0.041816215962171555,967.0,2539.0
6027,4,219,0.6181322336196899,968.0,671.0
6027,4,226,0.3863130211830139,969.0,1979.0
6027,4,249,0.9828722476959229,970.0,2799.0
6027,5,284,0.8398799300193787,971.0,3019.0
6026,17,873,0.7269899845123291,972.0,922.0
6026,18,907,0.9430431127548218,973.0,1499.0
6026,18,925,0.9299250245094299,974.0,845.0
6026,18,933,0.9964200258255005,975.0,2376.0
6026,19,976,0.9305298924446106,976.0,1413.0
6026,20,1007,0.9667326807975769,977.0,2744.0
6026,20,1009,0.570706307888031,978.0,3313.0
6026,21,1051,0.26322320103645325,979.0,3513.0
6026,21,1083,0.8150197863578796,980.0,1814.0
6026,22,1117,0.7111707925796509,981.0,2159.0
6026,22,1133,0.982386589050293,982.0,2967.0
6026,22,1135,0.9864153265953064,983.0,1553.0
6026,22,1139,0.9421559572219849,984.0,2309.0
6026,23,1151,0.8725715279579163,985.0,871.0
6026,23,1165,0.2624039351940155,986.0,1292.0
6026,23,1170,0.9888126850128174,987.0,3745.0
6026,24,1242,0.8508065342903137,988.0,2481.0
6026,25,1268,0.8684515357017517,989.0,2479.0
6026,25,1300,0.8099350333213806,990.0,3959.0
6026,26,1313,0.9653493762016296,991.0,3044.0
6026,26,1320,0.9960445165634155,992.0,1766.0
6026,26,1324,0.9454827904701233,993.0,422.0
6026,26,1335,0.8914439678192139,994.0,1899.0
6046,129,6457,0.06255921721458435,995.0,2163.0
6046,130,6536,0.13173973560333252,996.0,2957.0
6046,131,6555,0.005563624203205109,997.0,1756.0
6046,131,6564,0.9515661001205444,998.0,1524.0
6046,132,6633,0.810158371925354,999.0,2773.0
6046,132,6637,0.9297003149986267,1000.0,2081.0
6046,132,6640,0.5136804580688477,1001.0,2130.0
6046,134,6707,0.8503764867782593,1002.0,3053.0
6046,134,6709,0.7068121433258057,1003.0,1911.0
6046,134,6723,0.9838056564331055,1004.0,569.0
6046,134,6733,0.9730230569839478,1005.0,2597.0
6046,134,6744,0.4745354950428009,1006.0,5304.0
6046,135,6756,0.9067642092704773,1007.0,2426.0
6046,137,6878,0.8047040700912476,1008.0,1156.0
6046,137,6887,0.6994156837463379,1009.0,1969.0
6046,137,6890,0.7897213101387024,1010.0,2826.0
6046,137,6897,0.9688932299613953,1011.0,2261.0
6027,16,849,0.9708665013313293,1012.0,1319.0
6027,17,857,0.9999428987503052,1013.0,2093.0
6027,18,908,0.32017818093299866,1014.0,2219.0
6027,18,911,0.8869181871414185,1015.0,7164.0
6027,18,919,0.4050903618335724,1016.0,1804.0
6027,18,936,0.9838712215423584,1017.0,3695.0
6027,19,966,0.9354910254478455,1018.0,4557.0
6027,19,967,0.3915107548236847,1019.0,3330.0
6027,19,978,0.8918095827102661,1020.0,5339.0
6027,19,998,0.9903919696807861,1021.0,2458.0
6027,20,1029,0.9970400929450989,1022.0,2668.0
6027,21,1052,0.9862620830535889,1023.0,891.0
6027,21,1084,0.4311150908470154,1024.0,5059.0
6027,21,1093,0.1736121028661728,1025.0,1612.0
6027,23,1153,0.9989197254180908,1026.0,3889.0
6027,23,1170,0.23036356270313263,1027.0,2962.0
6027,23,1197,0.5717825293540955,1028.0,5162.0
6027,24,1220,0.46377402544021606,1029.0,1701.0
6027,24,1229,0.9664554595947266,1030.0,4431.0
6027,96,4849,0.12971796095371246,1031.0,591.0
6027,97,4871,0.20854368805885315,1032.0,713.0
6027,100,5012,0.9128483533859253,1033.0,1697.0
6027,100,5044,0.9810191988945007,1034.0,1990.0
6027,101,5083,0.9654660224914551,1035.0,2923.0
6027,104,5202,0.4688613712787628,1036.0,3227.0
6027,104,5223,0.4819222688674927,1037.0,1070.0
6027,104,5240,0.9094021916389465,1038.0,804.0
6027,104,5249,0.9930495023727417,1039.0,1706.0
6027,105,5261,0.9938247203826904,1040.0,1981.0
6027,105,5297,0.3255975544452667,1041.0,2965.0
6027,107,5375,0.8606767058372498,1042.0,3039.0
6027,108,5424,0.9552940726280212,1043.0,2430.0
6027,109,5457,0.06040632352232933,1044.0,2544.0
6027,109,5459,0.35678645968437195,1045.0,872.0
6027,109,5492,0.062203407287597656,1046.0,486.0
6004,176,8802,0.9902578592300415,1047.0,1539.0
6004,176,8817,0.03672409802675247,1048.0,1072.0
6004,176,8847,0.03257333114743233,1049.0,1588.0
6004,180,9012,0.9926421046257019,1050.0,1467.0
6004,180,9028,0.9711493849754333,1051.0,886.0
6004,182,9124,0.9992153644561768,1052.0,1237.0
6004,182,9126,0.18173125386238098,1053.0,256.0
6004,182,9130,0.9918801188468933,1054.0,1490.0
6004,182,9135,0.009482080116868019,1055.0,1366.0
6004,183,9153,0.9851556420326233,1056.0,1303.0
6004,184,9212,0.9198188185691833,1057.0,2560.0
6004,184,9232,0.6923113465309143,1058.0,1106.0
6004,184,9240,0.9761365652084351,1059.0,912.0
6004,184,9244,0.9562812447547913,1060.0,4745.0
6046,111,5577,0.9439676403999329,1061.0,925.0
6046,111,5599,0.9961034059524536,1062.0,1700.0
6046,112,5606,0.9955303072929382,1063.0,1033.0
6046,113,5658,0.8812971115112305,1064.0,1492.0
6046,113,5668,0.9589861631393433,1065.0,4523.0
6046,114,5717,0.05929331108927727,1066.0,1121.0
6046,114,5728,0.9847959280014038,1067.0,1472.0
6046,115,5753,0.250446081161499,1068.0,2484.0
6046,115,5762,0.4970579743385315,1069.0,2329.0
6047,0,8,0.9466491937637329,1070.0,2809.0
6047,0,13,0.9881751537322998,1071.0,679.0
6047,0,21,0.7815342545509338,1072.0,2789.0
6047,0,28,0.27325454354286194,1073.0,1390.0
6047,0,38,0.8922615647315979,1074.0,2466.0
6047,0,40,0.9895832538604736,1075.0,1529.0
6047,1,81,0.6753606200218201,1076.0,1541.0
6047,2,101,0.9923064112663269,1077.0,649.0
6047,2,102,0.9869563579559326,1078.0,1669.0
6047,2,104,0.8682483434677124,1079.0,1741.0
6047,2,123,0.9290145039558411,1080.0,2166.0
6047,2,133,0.6371973156929016,1081.0,7826.0
6047,3,172,0.08457791805267334,1082.0,2652.0
6047,4,238,0.9826048016548157,1083.0,754.0
6047,4,239,0.8451282978057861,1084.0,1474.0
6047,4,241,0.5001570582389832,1085.0,2769.0
6047,5,257,0.828831136226654,1086.0,1486.0
6047,5,273,0.5895166993141174,1087.0,2054.0
6047,6,322,0.9439302682876587,1088.0,2247.0
6047,6,341,0.8808445930480957,1089.0,2591.0
6047,7,366,0.12469927221536636,1090.0,1376.0
6047,7,384,0.9382040500640869,1091.0,2543.0
6047,8,408,0.997098445892334,1092.0,3791.0
6047,8,427,0.9890283346176147,1093.0,1195.0
6047,9,477,0.9787585735321045,1094.0,2607.0
6024,55,2788,0.9986574649810791,1095.0,963.0
6024,57,2853,0.27792105078697205,1096.0,7106.0
6024,58,2922,0.994192898273468,1097.0,729.0
6024,58,2924,0.9926320314407349,1098.0,2553.0
6024,60,3024,0.9901174902915955,1099.0,2627.0
6024,61,3057,0.6923894882202148,1100.0,6868.0
6024,62,3129,0.6901819705963135,1101.0,2662.0
6024,63,3168,0.9311287999153137,1102.0,3030.0
6024,63,3169,0.926146388053894,1103.0,1191.0
6021,71,3553,0.9185183644294739,1104.0,579.0
6021,71,3595,0.6681360602378845,1105.0,3013.0
6021,71,3596,0.0460284985601902,1106.0,527.0
6030,26,1305,0.872327446937561,1107.0,3539.0
6030,27,1355,0.9952345490455627,1108.0,2750.0
6030,28,1401,0.977046549320221,1109.0,1547.0
6030,28,1422,0.998363196849823,1110.0,1276.0
6030,28,1440,0.9233806729316711,1111.0,1057.0
6030,30,1501,0.1386764943599701,1112.0,2973.0
6030,33,1700,0.9932918548583984,1113.0,3254.0
6030,34,1714,0.5782347917556763,1114.0,2578.0
6030,34,1724,0.6725117564201355,1115.0,648.0
6004,47,2351,0.6845575571060181,1116.0,2006.0
6004,47,2353,0.9374759793281555,1117.0,3340.0
6004,47,2375,0.7492262721061707,1118.0,1624.0
6004,48,2409,0.9627415537834167,1119.0,1682.0
6004,48,2418,0.538942813873291,1120.0,3097.0
6004,48,2421,0.9796615839004517,1121.0,1153.0
6004,49,2496,0.3526988923549652,1122.0,3347.0
6004,50,2541,0.9706773161888123,1123.0,2169.0
6004,50,2542,0.3535076081752777,1124.0,2162.0
6004,50,2548,0.6177970767021179,1125.0,2829.0
6004,52,2602,0.13306018710136414,1126.0,576.0
6004,52,2606,0.8239771127700806,1127.0,2762.0
6004,52,2619,0.5629741549491882,1128.0,1853.0
6004,52,2630,0.11353893578052521,1129.0,1105.0
6004,53,2663,0.9635728597640991,1130.0,2110.0
6004,53,2686,0.781900942325592,1131.0,1815.0
6004,53,2693,0.9815623164176941,1132.0,1367.0
6004,53,2694,0.9981092214584351,1133.0,1357.0
6030,0,1,0.8281027674674988,1134.0,2894.0
6030,0,6,0.6662544012069702,1135.0,3893.0
6030,1,54,0.9913896918296814,1136.0,1628.0
6030,2,110,0.7623424530029297,1137.0,2353.0
6030,2,116,0.25554290413856506,1138.0,1102.0
6030,2,140,0.9414927363395691,1139.0,1972.0
6030,3,200,0.9780239462852478,1140.0,4977.0
6030,4,232,0.99600750207901,1141.0,1504.0
6030,4,250,0.9427772164344788,1142.0,2475.0
6030,5,270,0.9222487807273865,1143.0,3301.0
6030,5,285,0.9759891033172607,1144.0,1636.0
6022,79,3968,0.198859304189682,1145.0,1847.0
6022,79,3994,0.3219107687473297,1146.0,1506.0
6023,36,1826,0.9989674091339111,1147.0,931.0
6023,36,1843,0.9802525043487549,1148.0,741.0
6023,37,1855,0.09820086508989334,1149.0,2454.0
6023,37,1856,0.5823197364807129,1150.0,4846.0
6023,38,1901,0.683186411857605,1151.0,4455.0
6023,38,1909,0.9667851328849792,1152.0,1319.0
6023,38,1928,0.9775068759918213,1153.0,4488.0
6023,38,1942,0.9015589952468872,1154.0,2160.0
6023,38,1945,0.9976887702941895,1155.0,2648.0
6023,39,1963,0.05464616045355797,1156.0,4138.0
6023,39,1981,0.44555383920669556,1157.0,2252.0
6023,39,1991,0.5440542101860046,1158.0,1179.0
6023,39,1997,0.40245985984802246,1159.0,1028.0
6023,40,2028,0.9040026068687439,1160.0,1784.0
6023,41,2056,0.9972112774848938,1161.0,1617.0
6023,41,2070,0.9950783252716064,1162.0,3151.0
6023,41,2073,0.9045493602752686,1163.0,2680.0
6023,42,2119,0.9935177564620972,1164.0,3231.0
6023,42,2120,0.9688553214073181,1165.0,1839.0
6023,43,2173,0.6508328914642334,1166.0,1101.0
6023,44,2242,0.6388445496559143,1167.0,5910.0
6023,45,2254,0.4914521276950836,1168.0,2319.0
6043,99,4965,0.9314908385276794,1169.0,2364.0
6043,102,5127,0.6970922350883484,1170.0,840.0
6043,105,5278,0.6779131293296814,1171.0,356.0
6043,106,5347,0.5317990183830261,1172.0,4956.0
6024,51,2562,0.5912216305732727,1173.0,1912.0
6024,51,2563,0.35062918066978455,1174.0,2870.0
6024,52,2629,0.984963595867157,1175.0,1159.0
6024,53,2665,0.9939208030700684,1176.0,1799.0
6024,53,2690,0.384211927652359,1177.0,1459.0
6024,103,5157,0.9942381381988525,1178.0,1488.0
6024,104,5206,0.8330628275871277,1179.0,851.0
6024,104,5226,0.742840051651001,1180.0,1182.0
6024,104,5227,0.6772770881652832,1181.0,2521.0
6028,11,551,0.998235821723938,1182.0,2168.0
6028,11,572,0.9896005988121033,1183.0,2457.0
6028,12,602,0.8613801002502441,1184.0,3366.0
6028,12,629,0.34078001976013184,1185.0,4473.0
6028,12,634,0.27961307764053345,1186.0,2845.0
6028,13,673,0.38494637608528137,1187.0,677.0
6028,13,679,0.572027862071991,1188.0,2342.0
6028,14,702,0.9858102202415466,1189.0,4104.0
6028,14,704,0.8663740754127502,1190.0,3788.0
6028,14,727,0.9978662133216858,1191.0,2442.0
6028,15,796,0.868008553981781,1192.0,3465.0
6028,36,1804,0.525382399559021,1193.0,3097.0
6028,36,1805,0.9983970522880554,1194.0,1482.0
6028,36,1820,0.41747426986694336,1195.0,2010.0
6028,37,1890,0.9631022214889526,1196.0,1850.0
6023,55,2780,0.8844608664512634,1197.0,2449.0
6023,57,2869,0.3343704342842102,1198.0,3416.0
6023,58,2945,0.9837068319320679,1199.0,4274.0
6023,58,2949,0.9499511122703552,1200.0,1299.0
6023,59,2952,0.3498353958129883,1201.0,5479.0
6023,59,2983,0.9794450402259827,1202.0,1030.0
6023,60,3039,0.9509198665618896,1203.0,2413.0
6023,60,3045,0.001042079646140337,1204.0,1520.0
6023,61,3053,0.7877155542373657,1205.0,1499.0
6023,61,3057,0.05116569250822067,1206.0,866.0
6023,61,3062,0.9869810938835144,1207.0,2252.0
6023,61,3064,0.906444787979126,1208.0,2359.0
6023,61,3070,0.5662320852279663,1209.0,1641.0
6023,61,3094,0.3505294919013977,1210.0,1621.0
6023,62,3121,0.8152871131896973,1211.0,572.0
6023,63,3176,0.9784827828407288,1212.0,4222.0
6023,63,3177,0.9936889410018921,1213.0,3876.0
6032,3,184,0.965277373790741,1214.0,3344.0
6032,7,386,0.979526937007904,1215.0,1025.0
6032,8,416,0.6637681722640991,1216.0,278.0
6032,8,448,0.11010020971298218,1217.0,947.0
6022,108,5406,0.8884556293487549,1218.0,2584.0
6022,108,5444,0.6209708452224731,1219.0,3557.0
6022,110,5514,0.06376839429140091,1220.0,1895.0
6022,125,6270,0.8991498947143555,1221.0,2462.0
6043,76,3804,0.05291890725493431,1222.0,2036.0
6043,76,3823,0.07251687347888947,1223.0,1906.0
6043,76,3833,0.4947921931743622,1224.0,1251.0
6043,77,3895,0.9990405440330505,1225.0,1071.0
6043,78,3904,0.9995341300964355,1226.0,482.0
6043,78,3928,0.8576682806015015,1227.0,3997.0
6043,78,3930,0.8404858708381653,1228.0,1683.0
6043,78,3945,0.9960424900054932,1229.0,2031.0
6043,79,3973,0.3871351182460785,1230.0,1636.0
6043,79,3998,0.7407889366149902,1231.0,2948.0
6043,80,4008,0.7245102524757385,1232.0,3617.0
6043,80,4021,0.3569503426551819,1233.0,2670.0
6043,80,4035,0.5269936323165894,1234.0,1678.0
6043,81,4052,0.9976785778999329,1235.0,2255.0
6043,81,4060,0.4198457896709442,1236.0,1408.0
6043,81,4063,0.6564083099365234,1237.0,2077.0
6043,81,4091,0.9566513895988464,1238.0,1171.0
6043,82,4115,0.9976184964179993,1239.0,2004.0
6043,82,4118,0.9904198050498962,1240.0,1873.0
6043,82,4133,0.926364541053772,1241.0,2538.0
6043,83,4160,0.9985105395317078,1242.0,1235.0
6043,83,4165,0.33753371238708496,1243.0,2844.0
6043,83,4169,0.9935562014579773,1244.0,1363.0
6043,83,4170,0.9480446577072144,1245.0,1378.0
6043,83,4197,0.6013160347938538,1246.0,2148.0
6043,84,4216,0.27213725447654724,1247.0,1155.0
6043,84,4225,0.9334322214126587,1248.0,2757.0
6043,85,4266,0.9151433110237122,1249.0,2938.0
6043,85,4268,0.7086608409881592,1250.0,2638.0
6043,85,4287,0.3819161653518677,1251.0,2746.0
6043,85,4291,0.8434562087059021,1252.0,2149.0
6021,139,6986,0.9358298182487488,1253.0,1914.0
6031,129,6454,0.8886316418647766,1254.0,2119.0
6031,129,6482,0.5278739333152771,1255.0,1646.0
6031,131,6556,0.6901083588600159,1256.0,1897.0
6031,131,6581,0.8336398005485535,1257.0,1429.0
6031,133,6696,0.005335360299795866,1258.0,1711.0
6031,135,6755,0.9236228466033936,1259.0,2276.0
6031,135,6775,0.9623125195503235,1260.0,280.0
6031,136,6828,0.9268407821655273,1261.0,1444.0
6031,136,6848,0.9911501407623291,1262.0,1071.0
6031,140,7001,0.9494789838790894,1263.0,3148.0
6031,140,7024,0.3423158824443817,1264.0,1182.0
6031,140,7048,0.9690130949020386,1265.0,912.0
6031,144,7204,0.8443931937217712,1266.0,1946.0
6031,144,7224,0.40747976303100586,1267.0,1128.0
6031,144,7227,0.7187161445617676,1268.0,4225.0
6031,205,10265,0.24949753284454346,1269.0,2418.0
6031,205,10279,0.9644832015037537,1270.0,1669.0
6031,205,10287,0.9908291101455688,1271.0,1513.0
6041,18,918,0.7889395356178284,1272.0,1430.0
6041,18,938,0.8324173092842102,1273.0,2153.0
6041,19,955,0.7409246563911438,1274.0,1454.0
6041,19,979,0.9933464527130127,1275.0,1314.0
6041,19,990,0.1163954883813858,1276.0,2504.0
6041,19,993,0.9152565598487854,1277.0,4235.0
6041,19,995,0.9847180247306824,1278.0,821.0
6021,85,4287,0.4355930685997009,1279.0,2206.0
6002,24,1222,0.2176477164030075,1280.0,4753.0
6002,24,1233,0.7269726991653442,1281.0,4537.0
6002,24,1242,0.8236161470413208,1282.0,1018.0
6002,25,1265,0.006189325358718634,1283.0,3313.0
6002,25,1276,0.941166877746582,1284.0,3342.0
6002,26,1313,0.5335754156112671,1285.0,3608.0
6002,32,1626,0.9685682654380798,1286.0,1914.0
6002,33,1661,0.36564040184020996,1287.0,1283.0
6002,33,1681,0.1347825676202774,1288.0,3793.0
6002,34,1703,0.8671724796295166,1289.0,1168.0
6002,34,1747,0.9477003216743469,1290.0,633.0
6002,35,1761,0.10891009867191315,1291.0,1149.0
6002,35,1769,0.6463331580162048,1292.0,2044.0
6002,35,1784,0.5996958017349243,1293.0,1301.0
6002,35,1789,0.04952538385987282,1294.0,3193.0
6002,36,1808,0.9908818006515503,1295.0,1215.0
6002,37,1855,0.891851007938385,1296.0,1642.0
6002,37,1868,0.9492340087890625,1297.0,1018.0
6021,115,5769,0.8345999121665955,1298.0,3161.0
6021,115,5771,0.8061609864234924,1299.0,1547.0
6021,115,5776,0.9364295601844788,1300.0,1520.0
6024,39,1985,0.34805020689964294,1301.0,875.0
6024,74,3701,0.9108562469482422,1302.0,2642.0
6024,74,3714,0.9573338031768799,1303.0,2850.0
6024,75,3762,0.995893120765686,1304.0,2064.0
6024,75,3771,0.9691556096076965,1305.0,2865.0
6024,75,3788,0.9736149311065674,1306.0,1642.0
6024,77,3861,0.9999430179595947,1307.0,1561.0
6024,77,3890,0.502970278263092,1308.0,1054.0
6024,77,3894,0.7983115315437317,1309.0,856.0
6024,78,3901,0.7929555773735046,1310.0,1298.0
6024,78,3907,0.3860527575016022,1311.0,1768.0
6024,78,3927,0.7343987226486206,1312.0,1245.0
6024,79,3956,0.7769114971160889,1313.0,5770.0
6024,79,3965,0.9397673606872559,1314.0,1584.0
6024,80,4030,0.994685173034668,1315.0,1442.0
6024,80,4037,0.749721348285675,1316.0,2598.0
6024,80,4046,0.9746852517127991,1317.0,999.0
6024,81,4078,0.9989147186279297,1318.0,2715.0
6024,81,4083,0.33895060420036316,1319.0,973.0
6024,82,4104,0.4417109191417694,1320.0,5528.0
6024,82,4113,0.9582619667053223,1321.0,2041.0
6024,82,4126,0.19697490334510803,1322.0,1754.0
6024,82,4135,0.897643506526947,1323.0,3424.0
6024,82,4146,0.9377554655075073,1324.0,1273.0
6021,30,1502,0.9224021434783936,1325.0,1280.0
6021,17,881,0.9337607622146606,1326.0,1663.0
6021,75,3756,0.951509416103363,1327.0,811.0
6021,162,8123,0.28880101442337036,1328.0,2725.0
6021,162,8145,0.994939923286438,1329.0,2298.0
6021,192,9622,0.9987179040908813,1330.0,3466.0
6021,202,10138,0.08543359488248825,1331.0,2541.0
6021,204,10241,0.8765148520469666,1332.0,2847.0
6021,206,10318,0.49721264839172363,1333.0,2058.0
6021,206,10332,0.03370702266693115,1334.0,923.0
6021,206,10340,0.9508598446846008,1335.0,2399.0
6011,100,5029,0.8073457479476929,1336.0,3126.0
6011,102,5101,0.6219391822814941,1337.0,2705.0
6011,102,5124,0.9139472246170044,1338.0,2281.0
6011,102,5127,0.9787611961364746,1339.0,1147.0
6046,2,117,0.7030559778213501,1340.0,3834.0
6046,2,127,0.7594208121299744,1341.0,1188.0
6046,5,290,0.9959255456924438,1342.0,4703.0
6031,99,4954,0.8706415891647339,1343.0,2069.0
6031,99,4959,0.955975353717804,1344.0,3149.0
6031,100,5007,0.9929774403572083,1345.0,536.0
6031,100,5043,0.3188328146934509,1346.0,2119.0
6031,100,5044,0.8446595668792725,1347.0,710.0
6031,101,5054,0.9244412183761597,1348.0,1958.0
6031,101,5055,0.40357720851898193,1349.0,1360.0
6031,101,5088,0.3623245358467102,1350.0,1465.0
6031,102,5118,0.9141347408294678,1351.0,2126.0
6031,102,5126,0.018234392628073692,1352.0,2620.0
6031,105,5279,0.990969717502594,1353.0,837.0
6031,106,5333,0.023088527843356133,1354.0,2859.0
6031,109,5480,0.8701006174087524,1355.0,2340.0
6031,111,5562,0.6556082963943481,1356.0,1272.0
6031,111,5574,0.9932519793510437,1357.0,2173.0
6025,10,502,0.8496826887130737,1358.0,4188.0
6025,10,522,0.023982485756278038,1359.0,621.0
6025,11,560,0.8523522615432739,1360.0,2558.0
6025,11,561,0.9122350811958313,1361.0,2282.0
6025,11,566,0.8054919838905334,1362.0,1414.0
6025,12,625,0.7223830819129944,1363.0,2909.0
6025,12,635,0.6111304759979248,1364.0,3381.0
6025,12,638,0.9936449527740479,1365.0,1733.0
6025,13,665,0.8992215991020203,1366.0,3364.0
6025,14,726,0.4771534204483032,1367.0,2469.0
6025,14,731,0.9941766262054443,1368.0,1841.0
6025,15,762,0.08430439233779907,1369.0,2795.0
6025,15,776,0.28354063630104065,1370.0,1717.0
6025,15,778,0.8692983388900757,1371.0,3992.0
6025,15,795,0.3101782500743866,1372.0,2614.0
6025,16,826,0.9990018010139465,1373.0,2913.0
6025,18,935,0.2973799705505371,1374.0,875.0
6025,19,983,0.7928258180618286,1375.0,1646.0
6025,19,984,0.9386315941810608,1376.0,965.0
6024,41,2098,0.9345470070838928,1377.0,2572.0
6024,42,2110,0.9992233514785767,1378.0,946.0
6024,43,2174,0.9706180095672607,1379.0,2583.0
6024,44,2232,0.9759810566902161,1380.0,1874.0
6024,45,2300,0.9814376831054688,1381.0,3787.0
6024,46,2308,0.9951069355010986,1382.0,511.0
6024,46,2312,0.8606047630310059,1383.0,792.0
6024,47,2364,0.9902738928794861,1384.0,890.0
6024,48,2408,0.9735593795776367,1385.0,1816.0
6024,48,2409,0.7398285269737244,1386.0,1300.0
6024,48,2418,0.9203251004219055,1387.0,2226.0
6024,48,2434,0.9586971998214722,1388.0,4837.0
6024,48,2449,0.8357579112052917,1389.0,4001.0
6024,49,2472,0.9989683628082275,1390.0,807.0
6024,49,2489,0.2630712389945984,1391.0,4367.0
6024,50,2520,0.36854663491249084,1392.0,845.0
6024,50,2521,0.9736999273300171,1393.0,2160.0
6024,50,2543,0.9319978356361389,1394.0,793.0
6022,13,657,0.7767919898033142,1395.0,1431.0
6022,13,677,0.9973400235176086,1396.0,1680.0
6022,17,899,0.9947861433029175,1397.0,1525.0
6022,19,999,0.2042875587940216,1398.0,3535.0
6022,20,1034,0.8618023991584778,1399.0,1574.0
6022,20,1046,0.7682991027832031,1400.0,2436.0
6022,22,1106,0.8542420864105225,1401.0,1964.0
6022,23,1175,0.9236785769462585,1402.0,4348.0
6022,23,1185,0.9834349751472473,1403.0,1510.0
6036,37,1861,0.851963460445404,1404.0,5049.0
6036,37,1866,0.4163326323032379,1405.0,1318.0
6036,37,1891,0.9881028532981873,1406.0,2557.0
6036,39,1982,0.9999167919158936,1407.0,1689.0
6036,39,1983,0.27849969267845154,1408.0,4206.0
6036,40,2018,0.8802472352981567,1409.0,1628.0
6036,40,2020,0.9961521029472351,1410.0,4292.0
6036,40,2040,0.555647075176239,1411.0,4829.0
6036,40,2048,0.9465566873550415,1412.0,2726.0
6036,41,2068,0.995344340801239,1413.0,1230.0
6036,41,2069,0.43975886702537537,1414.0,4634.0
6036,41,2089,0.8419913053512573,1415.0,3166.0
6036,41,2090,0.07314221560955048,1416.0,1035.0
6036,41,2097,0.7464514374732971,1417.0,2720.0
6036,42,2115,0.979386031627655,1418.0,3634.0
6036,43,2156,0.9992507100105286,1419.0,1481.0
6036,43,2179,0.9774865508079529,1420.0,2142.0
6036,43,2181,0.9994435906410217,1421.0,2808.0
6036,44,2208,0.990053117275238,1422.0,2070.0
6036,44,2215,0.9000736474990845,1423.0,1839.0
6036,44,2227,0.9925386309623718,1424.0,469.0
6036,45,2262,0.6903440356254578,1425.0,2968.0
6036,45,2278,0.7653776407241821,1426.0,2259.0
6036,46,2301,0.9992782473564148,1427.0,2352.0
6036,46,2306,0.8832015991210938,1428.0,1120.0
6036,46,2309,0.6675141453742981,1429.0,4636.0
6036,46,2315,0.9264180660247803,1430.0,2266.0
6036,46,2328,0.980803370475769,1431.0,2614.0
6028,27,1380,0.9968565702438354,1432.0,2088.0
6028,27,1388,0.4317750632762909,1433.0,1905.0
6028,28,1443,0.9787881374359131,1434.0,1059.0
6028,30,1518,0.7403703927993774,1435.0,3444.0
6028,30,1540,0.966210663318634,1436.0,4554.0
6028,30,1548,0.9961751699447632,1437.0,1642.0
6028,31,1567,0.9956468939781189,1438.0,2619.0
6028,31,1574,0.31471869349479675,1439.0,2963.0
6028,32,1611,0.23696587979793549,1440.0,3448.0
6028,32,1637,0.7232986688613892,1441.0,1534.0
6028,33,1695,0.6043350696563721,1442.0,1164.0
6028,34,1723,0.9675986170768738,1443.0,1594.0
6028,34,1740,0.9862897992134094,1444.0,1435.0
6028,35,1756,0.9814680218696594,1445.0,1573.0
6028,35,1768,0.9797444343566895,1446.0,4060.0
6028,35,1779,0.9057825803756714,1447.0,892.0
6021,24,1201,0.9767060875892639,1448.0,1222.0
6043,29,1493,0.2701232135295868,1449.0,3308.0
6043,30,1511,0.7132323980331421,1450.0,2058.0
6043,30,1527,0.2922930121421814,1451.0,3074.0
6043,30,1542,0.6471196413040161,1452.0,567.0
6043,31,1599,0.9484641551971436,1453.0,2149.0
6043,32,1629,0.9203339219093323,1454.0,1165.0
6043,33,1692,0.9863378405570984,1455.0,694.0
6043,34,1715,0.5192334651947021,1456.0,886.0
6043,34,1735,0.7377918362617493,1457.0,1400.0
6043,36,1801,0.763272762298584,1458.0,2198.0
6043,36,1806,0.15774106979370117,1459.0,3960.0
6043,36,1808,0.5658073425292969,1460.0,2398.0
6043,36,1812,0.18573567271232605,1461.0,2225.0
6043,36,1821,0.9995856881141663,1462.0,2223.0
6043,36,1830,0.8158401846885681,1463.0,1136.0
6021,52,2645,0.9584134817123413,1464.0,1878.0
6021,52,2647,0.9916324019432068,1465.0,1933.0
6021,53,2661,0.38716456294059753,1466.0,1144.0
6021,53,2697,0.9921118021011353,1467.0,1991.0
6021,76,3821,0.4055745601654053,1468.0,617.0
6021,76,3846,0.855864942073822,1469.0,3296.0
6021,77,3860,0.7065883874893188,1470.0,1548.0
6021,77,3884,0.9811286926269531,1471.0,1346.0
6021,79,3962,0.8706416487693787,1472.0,468.0
6021,79,3968,0.3310609459877014,1473.0,1433.0
6021,79,3992,0.9333901405334473,1474.0,1886.0
6021,80,4013,0.9832062721252441,1475.0,806.0
6021,80,4018,0.509249210357666,1476.0,1574.0
6021,80,4021,0.42864900827407837,1477.0,1966.0
6021,81,4061,0.9772838950157166,1478.0,3445.0
6021,81,4084,0.34319809079170227,1479.0,3615.0
6021,215,10756,0.9617977738380432,1480.0,865.0
6021,215,10779,0.28537702560424805,1481.0,5015.0
6021,215,10785,0.12944361567497253,1482.0,1309.0
6021,215,10795,0.9946094751358032,1483.0,3613.0
6024,0,10,0.15538908541202545,1484.0,1012.0
6024,0,15,0.8988891839981079,1485.0,2948.0
6024,3,176,0.02972552552819252,1486.0,833.0
6024,3,179,0.6819557547569275,1487.0,806.0
6024,3,187,0.6463029384613037,1488.0,3098.0
6024,3,190,0.9362086057662964,1489.0,1431.0
6024,4,206,0.6844684481620789,1490.0,3194.0
6024,5,264,0.9840285181999207,1491.0,1674.0
6024,6,313,0.896560788154602,1492.0,2847.0
6024,6,335,0.8938151597976685,1493.0,1954.0
6024,6,350,0.9995213747024536,1494.0,937.0
6024,7,360,0.0950598493218422,1495.0,2541.0
6024,7,368,0.46236878633499146,1496.0,321.0
6024,7,383,0.019022485241293907,1497.0,1783.0
6024,7,393,0.5482151508331299,1498.0,623.0
6024,7,397,0.9413256049156189,1499.0,3803.0
6024,8,402,0.536755383014679,1500.0,3877.0
6024,8,406,0.8793762922286987,1501.0,2304.0
6024,8,440,0.5270973443984985,1502.0,711.0
6024,9,452,0.991640567779541,1503.0,1201.0
6024,9,469,0.8222901821136475,1504.0,1869.0
6024,9,474,0.012985839508473873,1505.0,1436.0
6023,1,78,0.126460462808609,1506.0,3284.0
6023,2,139,0.9654527902603149,1507.0,3872.0
6023,2,149,0.99565190076828,1508.0,1656.0
6023,4,217,0.8883256912231445,1509.0,1949.0
6023,4,240,0.891615629196167,1510.0,2597.0
6023,5,264,0.7194632887840271,1511.0,2848.0
6023,5,267,0.9879041314125061,1512.0,1352.0
6023,5,278,0.9982138872146606,1513.0,1221.0
6023,5,284,0.5298274159431458,1514.0,1143.0
6023,5,300,0.7404471039772034,1515.0,1629.0
6023,6,302,0.9509450793266296,1516.0,5714.0
6023,6,304,0.5909385681152344,1517.0,8411.0
6023,6,318,0.9751543998718262,1518.0,576.0
6023,7,355,0.8839418292045593,1519.0,2345.0
6023,7,369,0.6221814751625061,1520.0,5281.0
6023,8,437,0.9880997538566589,1521.0,1331.0
6023,8,450,0.9911059737205505,1522.0,1381.0
6021,66,3329,0.7721110582351685,1523.0,3866.0
6021,66,3347,0.08918782323598862,1524.0,5692.0
6045,1,71,0.4950120151042938,1525.0,3580.0
6045,1,80,0.9652796983718872,1526.0,3335.0
6045,1,98,0.9730019569396973,1527.0,2929.0
6045,2,106,0.9899417757987976,1528.0,3019.0
6045,2,131,0.9961352348327637,1529.0,2287.0
6045,2,136,0.7609903216362,1530.0,1650.0
6045,5,264,0.9718628525733948,1531.0,1396.0
6045,5,300,0.5457330942153931,1532.0,2826.0
6045,6,329,0.9380611181259155,1533.0,1327.0
6045,9,490,0.912794291973114,1534.0,1561.0
6045,9,492,0.6690938472747803,1535.0,2773.0
6045,9,495,0.7292601466178894,1536.0,1986.0
6045,14,705,0.18770095705986023,1537.0,875.0
6045,14,719,0.9967104196548462,1538.0,2514.0
6045,14,732,0.8112131953239441,1539.0,1435.0
6045,14,740,0.9857012033462524,1540.0,3701.0
6045,18,927,0.32830098271369934,1541.0,4437.0
6045,19,959,0.989421010017395,1542.0,1445.0
6045,19,972,0.3051277995109558,1543.0,1482.0
6045,19,974,0.6193241477012634,1544.0,5306.0
6046,65,3278,0.4265627861022949,1545.0,1571.0
6046,65,3299,0.9658824801445007,1546.0,1238.0
6046,67,3359,0.9469443559646606,1547.0,1864.0
6046,67,3370,0.8821095824241638,1548.0,1708.0
6046,68,3403,0.8619418144226074,1549.0,1504.0
6046,68,3416,0.3263726532459259,1550.0,921.0
6046,68,3417,0.992679238319397,1551.0,3817.0
6046,69,3453,0.9770668148994446,1552.0,1823.0
6046,70,3504,0.8281826376914978,1553.0,648.0
6046,70,3528,0.8801320195198059,1554.0,2040.0
6046,70,3535,0.983007550239563,1555.0,1329.0
6046,70,3542,0.7949226498603821,1556.0,1805.0
6046,72,3602,0.992702841758728,1557.0,3187.0
6046,72,3613,0.8234021663665771,1558.0,2261.0
6046,72,3624,0.1310960054397583,1559.0,1366.0
6046,72,3648,0.8189913034439087,1560.0,2635.0
6046,73,3699,0.9715992212295532,1561.0,1444.0
6046,74,3723,0.5797155499458313,1562.0,1579.0
6050,39,1973,0.5926632881164551,1563.0,1190.0
6050,41,2069,0.9689415097236633,1564.0,2012.0
6050,41,2078,0.9324699640274048,1565.0,1104.0
6050,43,2178,0.9912859797477722,1566.0,1784.0
6050,44,2215,0.7752398252487183,1567.0,2134.0
6050,45,2271,0.9409434795379639,1568.0,2996.0
6007,99,4953,0.47365665435791016,1569.0,1362.0
6007,99,4958,0.91561359167099,1570.0,1955.0
6007,99,4990,0.8655315637588501,1571.0,2241.0
6007,99,4996,0.7226331233978271,1572.0,1705.0
6007,103,5166,0.9166373014450073,1573.0,838.0
6007,103,5171,0.11177018284797668,1574.0,2029.0
6007,107,5379,0.9994465708732605,1575.0,750.0
6007,107,5390,0.9553001523017883,1576.0,2033.0
6007,111,5579,0.7276501059532166,1577.0,2117.0
6027,76,3833,0.9280464053153992,1578.0,1648.0
6027,77,3853,0.7173416018486023,1579.0,3878.0
6027,77,3885,0.3409769833087921,1580.0,1102.0
6027,77,3892,0.08694372326135635,1581.0,1703.0
6027,78,3928,0.9323004484176636,1582.0,4844.0
6024,28,1443,0.1600213348865509,1583.0,1182.0
6024,29,1462,0.5622637271881104,1584.0,3909.0
6024,29,1479,0.8988308906555176,1585.0,1373.0
6024,29,1488,0.9794389009475708,1586.0,892.0
6024,29,1494,0.2280476838350296,1587.0,3138.0
6024,29,1496,0.08197320252656937,1588.0,1780.0
6021,67,3355,0.9208453297615051,1589.0,1222.0
6021,67,3374,0.9929314851760864,1590.0,1848.0
6021,67,3395,0.9858909845352173,1591.0,3686.0
6007,129,6466,0.6959632039070129,1592.0,1983.0
6007,130,6512,0.8777004480361938,1593.0,1258.0
6007,130,6525,0.9607698321342468,1594.0,2068.0
6007,130,6548,0.19711169600486755,1595.0,5050.0
6007,131,6559,0.9135864973068237,1596.0,2780.0
6007,131,6567,0.8689405918121338,1597.0,3375.0
6007,132,6606,0.8141846656799316,1598.0,684.0
6007,133,6662,0.9575513005256653,1599.0,2175.0
6007,133,6690,0.9214437007904053,1600.0,3761.0
6007,133,6693,0.1868676245212555,1601.0,883.0
6007,134,6730,0.9773530960083008,1602.0,1691.0
6007,135,6766,0.10493938624858856,1603.0,1163.0
6007,135,6770,0.14617961645126343,1604.0,2442.0
6007,136,6811,0.9949610233306885,1605.0,4161.0
6007,136,6823,0.043079327791929245,1606.0,2021.0
6007,136,6839,0.11265898495912552,1607.0,4324.0
6007,160,8001,0.9321999549865723,1608.0,2018.0
6007,160,8029,0.9836961030960083,1609.0,1562.0
6007,160,8032,0.5620214939117432,1610.0,4122.0
6007,160,8046,0.006533440202474594,1611.0,3503.0
6021,143,7152,0.9914687871932983,1612.0,4095.0
6021,143,7180,0.9962102174758911,1613.0,1825.0
6021,143,7181,0.9962432384490967,1614.0,1656.0
6011,78,3947,0.5415663123130798,1615.0,1405.0
6011,80,4009,0.9353289604187012,1616.0,577.0
6011,80,4012,0.9101821184158325,1617.0,1972.0
6011,80,4045,0.021483013406395912,1618.0,2936.0
6011,81,4076,0.9202064275741577,1619.0,1771.0
6011,82,4110,0.022902971133589745,1620.0,2212.0
6011,82,4129,0.9436147809028625,1621.0,2128.0
6011,83,4160,0.9917718768119812,1622.0,1127.0
6011,83,4185,0.9986843466758728,1623.0,3257.0
6011,83,4189,0.8450031876564026,1624.0,3292.0
6011,83,4192,0.12850481271743774,1625.0,968.0
6011,84,4220,0.8017674088478088,1626.0,3760.0
6011,84,4222,0.15934795141220093,1627.0,1140.0
6011,84,4230,0.7179061770439148,1628.0,451.0
6011,85,4281,0.3932569622993469,1629.0,1640.0
6011,85,4283,0.9963988065719604,1630.0,2679.0
6011,85,4291,0.4835057556629181,1631.0,1615.0
6011,86,4335,0.13362139463424683,1632.0,466.0
6011,86,4336,0.8854007124900818,1633.0,943.0
6011,86,4343,0.43758171796798706,1634.0,1868.0
6031,216,10836,0.9012355804443359,1635.0,2692.0
6031,216,10847,0.986583411693573,1636.0,2949.0
6031,219,10990,0.46340057253837585,1637.0,1440.0
6031,219,10992,0.9727019667625427,1638.0,1211.0
6031,220,11049,0.8622986078262329,1639.0,747.0
6025,62,3135,0.9954302310943604,1640.0,2536.0
6025,63,3168,0.9877350926399231,1641.0,2408.0
6025,63,3174,0.5829166769981384,1642.0,1362.0
6025,64,3215,0.9428840279579163,1643.0,1105.0
6025,64,3226,0.9965188503265381,1644.0,448.0
6025,65,3269,0.9668745994567871,1645.0,421.0
6025,65,3297,0.9828973412513733,1646.0,3129.0
6025,66,3339,0.35392624139785767,1647.0,2613.0
6025,67,3383,0.3342343270778656,1648.0,5653.0
6025,68,3407,0.6225243806838989,1649.0,2665.0
6025,68,3426,0.03931298479437828,1650.0,2498.0
6025,69,3470,0.998883068561554,1651.0,2183.0
6025,70,3541,0.3164564371109009,1652.0,1182.0
5996,61,3070,0.8715222477912903,1653.0,681.0
5996,61,3089,0.6159677505493164,1654.0,2257.0
5996,61,3100,0.9473646283149719,1655.0,2012.0
5996,62,3111,0.5002986192703247,1656.0,1057.0
5996,62,3140,0.6152294874191284,1657.0,4027.0
6035,0,24,0.9980244636535645,1658.0,3184.0
6035,0,46,0.4464648365974426,1659.0,724.0
6035,1,59,0.3870352506637573,1660.0,2843.0
6035,1,74,0.7455978989601135,1661.0,1485.0
6035,1,78,0.7214197516441345,1662.0,549.0
6031,0,43,0.9987039566040039,1663.0,401.0
6031,0,48,0.9950937032699585,1664.0,1233.0
6031,2,102,0.7479336261749268,1665.0,1324.0
6031,2,126,0.33935821056365967,1666.0,1884.0
6031,3,165,0.9362700581550598,1667.0,2713.0
6031,4,214,0.9732673764228821,1668.0,1202.0
6031,4,218,0.9914742708206177,1669.0,1254.0
6031,4,227,0.9659026861190796,1670.0,1382.0
6031,6,338,0.9668224453926086,1671.0,3104.0
6031,7,351,0.9805647730827332,1672.0,888.0
6031,7,356,0.736139714717865,1673.0,2055.0
6031,7,361,0.718365490436554,1674.0,2412.0
6031,8,450,0.6064223647117615,1675.0,3854.0
6031,9,455,0.8532564043998718,1676.0,3251.0
6036,5,272,0.6720524430274963,1677.0,3185.0
6036,5,275,0.9489985108375549,1678.0,2994.0
6036,6,322,0.8275137543678284,1679.0,2880.0
6036,9,457,0.8382948637008667,1680.0,2894.0
6036,9,461,0.5913119912147522,1681.0,1288.0
6036,9,483,0.9972969889640808,1682.0,3035.0
6036,9,489,0.995080828666687,1683.0,1600.0
6036,9,497,0.9934125542640686,1684.0,3230.0
6036,13,652,0.8407737016677856,1685.0,2879.0
6036,13,694,0.17796732485294342,1686.0,2967.0
6036,16,849,0.39823558926582336,1687.0,3803.0
6036,17,854,0.7900073528289795,1688.0,2637.0
6036,21,1051,0.9895188212394714,1689.0,2224.0
6036,21,1091,0.9861564636230469,1690.0,1794.0
6036,24,1220,0.9204460978507996,1691.0,3507.0
6021,106,5303,0.7542958855628967,1692.0,1869.0
6021,106,5345,0.867562472820282,1693.0,3244.0
6021,194,9732,0.5410963892936707,1694.0,5076.0
6021,194,9750,0.7897608876228333,1695.0,2531.0
6021,195,9760,0.9675644636154175,1696.0,3038.0
6021,196,9832,0.9690573215484619,1697.0,2130.0
6021,196,9845,0.07190828770399094,1698.0,598.0
6021,197,9855,0.9310698509216309,1699.0,2389.0
6021,199,9954,0.796898603439331,1700.0,593.0
6021,199,9980,0.9950163960456848,1701.0,1921.0
6021,200,10007,0.8876324892044067,1702.0,5070.0
6036,53,2651,0.3631848990917206,1703.0,1634.0
6036,53,2652,0.9795031547546387,1704.0,3870.0
6036,53,2653,0.8263059258460999,1705.0,1184.0
6036,53,2661,0.8148083686828613,1706.0,1349.0
6036,53,2664,0.9087942242622375,1707.0,1918.0
6036,53,2670,0.9994198083877563,1708.0,1236.0
6036,53,2688,0.5054754018783569,1709.0,1327.0
6036,53,2689,0.7839208841323853,1710.0,1750.0
6036,53,2700,0.11353547871112823,1711.0,800.0
6036,54,2721,0.39352947473526,1712.0,3595.0
6036,54,2727,0.8849394917488098,1713.0,2110.0
6036,54,2730,0.7084255814552307,1714.0,4167.0
6036,54,2742,0.9983648657798767,1715.0,3114.0
6036,55,2753,0.5913870930671692,1716.0,2051.0
6036,55,2771,0.9430652856826782,1717.0,1259.0
6036,55,2776,0.82878577709198,1718.0,2066.0
6036,55,2779,0.43015342950820923,1719.0,141.0
6036,55,2792,0.9869825839996338,1720.0,2259.0
6036,55,2800,0.6041806936264038,1721.0,4348.0
6036,56,2811,0.03216361999511719,1722.0,1191.0
6036,56,2837,0.8613818287849426,1723.0,1858.0
6036,56,2846,0.8165754675865173,1724.0,2924.0
6036,56,2847,0.4961690604686737,1725.0,1592.0
6003,0,34,0.9797115921974182,1726.0,982.0
6003,1,62,0.6968204975128174,1727.0,2837.0
6003,1,67,0.06619562208652496,1728.0,2678.0
6003,1,99,0.24033768475055695,1729.0,1921.0
6003,2,122,0.9947801828384399,1730.0,1697.0
6003,3,166,0.9900497198104858,1731.0,2228.0
6003,4,228,0.8659847378730774,1732.0,620.0
6003,4,233,0.9655364751815796,1733.0,618.0
6003,4,241,0.9997363686561584,1734.0,2814.0
6003,5,266,0.984000027179718,1735.0,3049.0
6003,6,303,0.999005138874054,1736.0,2861.0
6003,7,358,0.6513935923576355,1737.0,3021.0
6003,7,364,0.9289349913597107,1738.0,1897.0
6003,8,430,0.9971164464950562,1739.0,1062.0
6050,10,516,0.9338451027870178,1740.0,2646.0
6050,10,531,0.9700976610183716,1741.0,1351.0
6050,11,559,0.3451741337776184,1742.0,884.0
6050,12,637,0.7701339721679688,1743.0,1028.0
6030,98,4907,0.8958694338798523,1744.0,1923.0
6030,100,5021,0.47065964341163635,1745.0,906.0
6030,100,5041,0.8054149746894836,1746.0,3240.0
6030,101,5058,0.9715606570243835,1747.0,1563.0
6030,101,5081,0.947497546672821,1748.0,1742.0
6030,101,5089,0.9728825688362122,1749.0,1087.0
6030,101,5099,0.5172721743583679,1750.0,508.0
6030,105,5269,0.947451114654541,1751.0,1518.0
6030,105,5271,0.9827736616134644,1752.0,1726.0
6030,105,5280,0.8520416021347046,1753.0,2732.0
6030,108,5419,0.02120530791580677,1754.0,3367.0
6030,108,5436,0.75312340259552,1755.0,1478.0
6030,108,5437,0.8485874533653259,1756.0,2923.0
6030,108,5441,0.935271143913269,1757.0,1306.0
6030,116,5830,0.9051758050918579,1758.0,3017.0
6035,4,233,0.9730846881866455,1759.0,662.0
6035,4,235,0.9967185854911804,1760.0,3816.0
6024,64,3220,0.9987615346908569,1761.0,822.0
6024,65,3281,0.7652941346168518,1762.0,2820.0
6024,66,3303,0.9651899933815002,1763.0,1537.0
6024,66,3306,0.47383472323417664,1764.0,2582.0
6024,66,3307,0.9948679208755493,1765.0,465.0
6024,66,3317,0.9622512459754944,1766.0,1822.0
6024,66,3323,0.9281198382377625,1767.0,746.0
6024,66,3338,0.20687273144721985,1768.0,1719.0
6024,66,3342,0.9139320850372314,1769.0,1589.0
6024,67,3376,0.6162773966789246,1770.0,3085.0
6024,68,3433,0.8447141647338867,1771.0,3778.0
6024,68,3448,0.9819614291191101,1772.0,2674.0
6024,70,3521,0.7007451057434082,1773.0,2096.0
6024,70,3524,0.9342939853668213,1774.0,2144.0
6024,71,3577,0.9646962881088257,1775.0,1719.0
6024,71,3585,0.7474433183670044,1776.0,2088.0
6024,71,3600,0.9794629812240601,1777.0,4610.0
6024,72,3643,0.25698137283325195,1778.0,3130.0
5996,42,2112,0.9704574346542358,1779.0,2816.0
5996,43,2166,0.9508314728736877,1780.0,2508.0
5996,44,2226,0.42351675033569336,1781.0,828.0
5996,45,2276,0.9459084272384644,1782.0,2869.0
5996,45,2290,0.5076931715011597,1783.0,1403.0
5996,46,2315,0.9798797965049744,1784.0,1984.0
5996,47,2384,0.4070374667644501,1785.0,928.0
5996,47,2385,0.9068559408187866,1786.0,1473.0
5996,47,2389,0.9448556303977966,1787.0,2651.0
5996,47,2390,0.9979053735733032,1788.0,2692.0
5996,48,2424,0.8596875071525574,1789.0,986.0
5996,48,2428,0.9802725911140442,1790.0,3568.0
5996,48,2429,0.8493189811706543,1791.0,4524.0
5996,49,2485,0.34430646896362305,1792.0,225.0
5996,50,2547,0.7365052103996277,1793.0,734.0
5996,51,2574,0.5313713550567627,1794.0,2510.0
6025,93,4677,0.3837544023990631,1795.0,1642.0
6025,93,4686,0.9876255393028259,1796.0,2641.0
6025,93,4692,0.7197301983833313,1797.0,2356.0
6025,94,4716,0.9795578122138977,1798.0,804.0
6025,94,4722,0.6930461525917053,1799.0,1648.0
6025,94,4735,0.8885712027549744,1800.0,2055.0
6007,25,1271,0.5185086131095886,1801.0,3157.0
6007,25,1273,0.8586342930793762,1802.0,1995.0
6007,26,1322,0.9722175598144531,1803.0,2688.0
6007,26,1350,0.5411336421966553,1804.0,1020.0
6007,29,1469,0.9834602475166321,1805.0,2149.0
6007,29,1475,0.9984980821609497,1806.0,1722.0
6007,29,1493,0.988520622253418,1807.0,1773.0
6007,31,1557,0.932857871055603,1808.0,1833.0
6007,31,1587,0.36901894211769104,1809.0,1760.0
6007,31,1588,0.9682500958442688,1810.0,2326.0
6007,32,1613,0.7501763701438904,1811.0,1103.0
6007,32,1620,0.3059577941894531,1812.0,1216.0
6007,32,1634,0.8458603024482727,1813.0,8784.0
6007,32,1638,0.36476466059684753,1814.0,2944.0
6007,33,1671,0.17093525826931,1815.0,1981.0
6007,34,1707,0.9001757502555847,1816.0,3403.0
6007,34,1731,0.8767669200897217,1817.0,3585.0
6021,22,1117,0.19876158237457275,1818.0,1445.0
6021,22,1145,0.30623260140419006,1819.0,491.0
6021,141,7069,0.6805382966995239,1820.0,1206.0
6004,85,4274,0.9973933696746826,1821.0,2124.0
6004,86,4315,0.7368264198303223,1822.0,955.0
6004,86,4321,0.9233232736587524,1823.0,2465.0
6004,88,4427,0.9728596806526184,1824.0,1447.0
6004,89,4458,0.9966216087341309,1825.0,3198.0
6004,89,4482,0.421859472990036,1826.0,2867.0
6004,90,4505,0.30263736844062805,1827.0,2255.0
6004,90,4536,0.5272768139839172,1828.0,1916.0
6004,91,4567,0.9135110974311829,1829.0,2915.0
6004,91,4572,0.9934632778167725,1830.0,2022.0
6004,91,4594,0.8349811434745789,1831.0,1672.0
6004,91,4598,0.810688853263855,1832.0,1000.0
6004,91,4599,0.9619772434234619,1833.0,2340.0
6004,92,4625,0.8271082639694214,1834.0,2002.0
6004,93,4661,0.7579254508018494,1835.0,1002.0
6044,13,656,0.9966183304786682,1836.0,2051.0
6044,13,671,0.036657895892858505,1837.0,1256.0
6044,13,685,0.2590837776660919,1838.0,1529.0
6044,14,724,0.6883342862129211,1839.0,1883.0
6044,14,728,0.7939769625663757,1840.0,763.0
6044,14,739,0.026374533772468567,1841.0,1588.0
6044,16,810,0.9912928938865662,1842.0,2774.0
6044,16,839,0.7717607617378235,1843.0,2025.0
6004,39,1954,0.9644362926483154,1844.0,371.0
6004,39,1979,0.9157007336616516,1845.0,1828.0
6004,39,1986,0.8749920129776001,1846.0,1999.0
6037,5,251,0.8945958018302917,1847.0,2989.0
6037,5,253,0.9723881483078003,1848.0,1706.0
6037,5,262,0.987542450428009,1849.0,1281.0
6037,5,288,0.6289069652557373,1850.0,1298.0
6037,5,298,0.2965395152568817,1851.0,2441.0
6021,128,6406,0.04770376905798912,1852.0,2019.0
6021,129,6472,0.6062150001525879,1853.0,3934.0
6021,130,6527,0.40322089195251465,1854.0,1986.0
6021,130,6547,0.9581343531608582,1855.0,1998.0
6021,131,6589,0.5683702826499939,1856.0,1331.0
6021,132,6644,0.980952799320221,1857.0,2336.0
6021,133,6661,0.8893387913703918,1858.0,3992.0
6021,134,6723,0.04858234524726868,1859.0,1916.0
6021,136,6815,0.39751696586608887,1860.0,2013.0
6021,136,6838,0.8538497686386108,1861.0,1356.0
6021,136,6841,0.900253415107727,1862.0,2014.0
6021,137,6862,0.7480520606040955,1863.0,1153.0
6021,137,6873,0.1121869757771492,1864.0,1560.0
6036,36,1807,0.5010547041893005,1865.0,1959.0
6036,36,1815,0.10125022381544113,1866.0,1767.0
6036,36,1849,0.8280332088470459,1867.0,2236.0
6036,47,2387,0.8597593903541565,1868.0,1468.0
6036,48,2424,0.04302026703953743,1869.0,1943.0
6036,49,2454,0.9908789992332458,1870.0,4201.0
6036,49,2471,0.9380103945732117,1871.0,4603.0
6036,50,2517,0.9879021644592285,1872.0,520.0
6036,50,2526,0.9987879395484924,1873.0,2129.0
6036,50,2533,0.3251894414424896,1874.0,953.0
6036,51,2579,0.8880792856216431,1875.0,1547.0
6036,51,2583,0.1272333562374115,1876.0,1837.0
6036,52,2618,0.26368290185928345,1877.0,2603.0
6036,52,2624,0.18329879641532898,1878.0,597.0
6036,52,2629,0.9172730445861816,1879.0,1322.0
6036,52,2634,0.9987109899520874,1880.0,3886.0
6036,52,2640,0.10140988975763321,1881.0,1113.0
6036,52,2647,0.6960747838020325,1882.0,1327.0
6036,65,3264,0.20804744958877563,1883.0,1292.0
6036,65,3275,0.8799549341201782,1884.0,2507.0
6036,67,3367,0.8002210855484009,1885.0,2818.0
6036,67,3378,0.9856145977973938,1886.0,3643.0
6036,67,3380,0.8107755184173584,1887.0,695.0
6036,67,3384,0.9776483178138733,1888.0,2849.0
6036,67,3393,0.9696916937828064,1889.0,3048.0
6036,69,3467,0.9450044631958008,1890.0,808.0
6036,69,3484,0.6404210925102234,1891.0,3275.0
6036,69,3493,0.8173726201057434,1892.0,1998.0
6012,20,1012,0.1978200227022171,1893.0,2036.0
6012,20,1019,0.6694111227989197,1894.0,3312.0
6012,20,1038,0.025228865444660187,1895.0,3377.0
6021,25,1283,0.9852842688560486,1896.0,2700.0
6004,0,3,0.10812361538410187,1897.0,1652.0
6004,0,14,0.971595823764801,1898.0,2707.0
6004,1,75,0.6796314716339111,1899.0,1305.0
6004,2,117,0.8757244348526001,1900.0,1214.0
6004,2,135,0.9534804224967957,1901.0,2078.0
6004,2,136,0.05570312961935997,1902.0,1528.0
6004,3,180,0.4650399386882782,1903.0,1710.0
6004,3,185,0.1103852391242981,1904.0,3588.0
6004,3,190,0.4183410406112671,1905.0,2952.0
6047,12,602,0.9857521653175354,1906.0,930.0
6047,12,606,0.7022960782051086,1907.0,2412.0
6047,13,677,0.9791778922080994,1908.0,1514.0
6047,13,684,0.9985954165458679,1909.0,1121.0
6031,21,1063,0.2478165477514267,1910.0,1245.0
6031,21,1068,0.9752031564712524,1911.0,1791.0
6031,21,1071,0.6514521837234497,1912.0,1208.0
6031,21,1072,0.8932235240936279,1913.0,1010.0
6031,21,1085,0.09394416213035583,1914.0,1317.0
6031,22,1104,0.9812806248664856,1915.0,2843.0
6031,22,1142,0.747816801071167,1916.0,3343.0
6031,24,1232,0.9799364805221558,1917.0,1977.0
6031,25,1282,0.9929774403572083,1918.0,3194.0
6031,26,1303,0.18013009428977966,1919.0,411.0
6031,26,1345,0.7563381195068359,1920.0,1584.0
6031,27,1381,0.35899773240089417,1921.0,2266.0
6031,27,1386,0.17038600146770477,1922.0,4258.0
6031,27,1399,0.9371195435523987,1923.0,3729.0
6031,29,1475,0.9650683999061584,1924.0,3226.0
6007,84,4217,0.9100386500358582,1925.0,2491.0
6007,84,4239,0.9337171316146851,1926.0,1173.0
6007,85,4266,0.9833330512046814,1927.0,871.0
6007,85,4273,0.8770865201950073,1928.0,1748.0
6007,85,4288,0.2859761714935303,1929.0,3433.0
6007,85,4294,0.9961357116699219,1930.0,1321.0
6007,85,4296,0.7333927154541016,1931.0,3477.0
6007,86,4305,0.9113168716430664,1932.0,2109.0
6007,87,4352,0.8137430548667908,1933.0,3081.0
6007,87,4379,0.9886609315872192,1934.0,2553.0
6007,87,4382,0.3006506860256195,1935.0,2374.0
6007,88,4423,0.9947985410690308,1936.0,1655.0
6007,88,4441,0.9488152861595154,1937.0,481.0
6007,89,4459,0.9604271650314331,1938.0,3506.0
6007,89,4470,0.9840807318687439,1939.0,4899.0
6007,90,4531,0.9940710663795471,1940.0,2760.0
6007,90,4541,0.17370086908340454,1941.0,2530.0
6007,91,4585,0.6529676914215088,1942.0,1793.0
6007,92,4605,0.9717573523521423,1943.0,3015.0
6007,92,4609,0.9775775671005249,1944.0,881.0
6007,92,4635,0.9577475190162659,1945.0,297.0
6035,3,175,0.877936601638794,1946.0,581.0
6035,6,350,0.9772597551345825,1947.0,757.0
6035,7,351,0.5503350496292114,1948.0,1900.0
6035,7,382,0.5363751649856567,1949.0,1516.0
6011,34,1712,0.9925814867019653,1950.0,3540.0
6011,34,1715,0.018647918477654457,1951.0,1230.0
6011,37,1880,0.9996541738510132,1952.0,3323.0
6011,38,1904,0.892503559589386,1953.0,5442.0
6011,38,1905,0.9673509001731873,1954.0,2107.0
6011,38,1920,0.7870524525642395,1955.0,1430.0
6011,41,2076,0.07742872089147568,1956.0,1236.0
6011,42,2111,0.7720158696174622,1957.0,1068.0
6011,42,2122,0.06597516685724258,1958.0,1249.0
6011,43,2179,0.9811294674873352,1959.0,848.0
6011,43,2190,0.9774397611618042,1960.0,194.0
6027,36,1813,0.9895330667495728,1961.0,668.0
6027,36,1842,0.983100175857544,1962.0,1331.0
6027,37,1858,0.01801823452115059,1963.0,3358.0
6046,92,4616,0.4521150588989258,1964.0,2194.0
6046,97,4877,0.5650348663330078,1965.0,1961.0
6046,97,4889,0.6235877871513367,1966.0,1943.0
6002,17,860,0.4672391414642334,1967.0,1725.0
6050,47,2367,0.5637449026107788,1968.0,3160.0
6050,47,2378,0.672800600528717,1969.0,891.0
6050,48,2411,0.524922788143158,1970.0,8359.0
6050,48,2414,0.7694326639175415,1971.0,4365.0
6050,48,2417,0.9161975979804993,1972.0,2923.0
6050,48,2436,0.7960267066955566,1973.0,560.0
6050,48,2437,0.9991002082824707,1974.0,1365.0
6050,49,2493,0.9203676581382751,1975.0,1827.0
6050,50,2506,0.9241101741790771,1976.0,1203.0
6050,50,2546,0.4911227226257324,1977.0,1235.0
6050,51,2594,0.964387834072113,1978.0,4478.0
6050,53,2680,0.8562257289886475,1979.0,1524.0
6050,53,2700,0.5876870155334473,1980.0,2057.0
6050,54,2714,0.7981971502304077,1981.0,1717.0
6050,54,2722,0.17885445058345795,1982.0,2187.0
6050,54,2741,0.15609848499298096,1983.0,1686.0
6050,54,2747,0.9500733613967896,1984.0,4041.0
6030,18,923,0.9375426173210144,1985.0,3069.0
6030,20,1014,0.9760796427726746,1986.0,2435.0
6030,20,1036,0.9965351819992065,1987.0,4170.0
6030,20,1037,0.9729987978935242,1988.0,4334.0
6030,20,1041,0.6218127608299255,1989.0,4009.0
6030,20,1045,0.9949960708618164,1990.0,2039.0
6030,22,1125,0.9978310465812683,1991.0,1741.0
6030,24,1206,0.8716051578521729,1992.0,1829.0
6030,25,1273,0.4085617959499359,1993.0,2779.0
6030,55,2786,0.9995531439781189,1994.0,2091.0
6030,61,3053,0.9953387975692749,1995.0,1524.0
6030,61,3058,0.1400040090084076,1996.0,1469.0
6030,61,3079,0.8018735647201538,1997.0,2478.0
6030,61,3081,0.9990204572677612,1998.0,3101.0
6030,84,4217,0.3563239872455597,1999.0,1648.0
6030,84,4218,0.9720962047576904,2000.0,1293.0
6007,138,6906,0.22869206964969635,2001.0,1188.0
6007,138,6923,0.6383585929870605,2002.0,2580.0
6007,138,6932,0.5904302597045898,2003.0,1990.0
6007,139,6961,0.9872750043869019,2004.0,1356.0
6007,139,6998,0.44666042923927307,2005.0,4787.0
6007,140,7022,0.21257376670837402,2006.0,1341.0
6007,141,7051,-999999.9,-1.0,-1.0
