train_accu,test_accu,train_loss,test_loss,epoch,step
0.593750,0.625000,2.288908,0.774772,0.000000,1.000000
0.687500,0.625000,0.671006,0.648729,0.000000,21.000000
0.718750,0.500000,0.631475,0.638688,0.000000,41.000000
0.562500,0.562500,0.768221,0.691501,0.000000,61.000000
0.656250,0.500000,0.615784,0.687262,0.000000,81.000000
0.687500,0.687500,0.597894,0.626788,0.000000,101.000000
0.765625,0.562500,0.680878,0.612520,0.000000,121.000000
0.718750,0.750000,0.730763,0.493926,0.000000,141.000000
0.781250,0.750000,0.485938,0.535009,0.000000,161.000000
0.843750,0.625000,0.525466,0.435727,0.000000,181.000000
0.703125,0.937500,0.380265,0.338852,0.000000,201.000000
0.750000,0.750000,0.283031,0.526997,0.000000,221.000000
0.812500,0.750000,0.527106,0.536221,0.000000,241.000000
0.828125,0.937500,0.335464,0.382438,0.000000,261.000000
0.921875,0.875000,0.405923,0.365784,0.000000,281.000000
0.906250,0.750000,0.493379,0.458708,0.000000,301.000000
0.906250,0.875000,0.462689,0.363721,0.000000,321.000000
0.843750,0.875000,0.173354,0.273899,0.000000,341.000000
0.968750,0.812500,0.530273,0.381949,0.000000,361.000000
0.906250,0.750000,0.172555,0.318988,0.000000,381.000000
0.875000,0.812500,0.424384,0.337664,0.000000,401.000000
0.875000,0.875000,0.463994,0.338516,0.000000,421.000000
1.000000,0.875000,0.139775,0.279167,0.000000,441.000000
1.000000,0.875000,0.440105,0.262445,0.000000,461.000000
0.812500,0.875000,0.296683,0.360429,0.000000,481.000000
0.843750,0.875000,0.199685,0.320665,0.000000,501.000000
0.937500,0.750000,0.125417,0.228523,0.000000,521.000000
0.843750,0.937500,0.411485,0.270233,0.000000,541.000000
0.781250,0.750000,0.459797,0.358017,0.000000,561.000000
0.906250,1.000000,0.287835,0.309079,0.000000,581.000000
0.968750,0.875000,0.317853,0.249023,0.000000,601.000000
0.875000,0.875000,0.172919,0.275894,0.000000,621.000000
0.906250,1.000000,0.392595,0.289573,0.000000,641.000000
0.937500,0.937500,0.269088,0.272097,0.000000,661.000000
0.843750,0.812500,0.300284,0.295431,0.000000,681.000000
0.968750,0.875000,0.440038,0.264856,0.000000,701.000000
0.937500,1.000000,0.269373,0.224796,0.000000,721.000000
0.890625,1.000000,0.376425,0.281271,0.000000,741.000000
0.968750,0.625000,0.115772,0.215458,0.000000,761.000000
0.875000,1.000000,0.160488,0.276912,0.000000,781.000000
0.937500,1.000000,0.102755,0.305743,0.000000,801.000000
0.968750,0.937500,0.332580,0.180313,0.000000,821.000000
0.937500,0.843750,0.433442,0.227387,0.000000,841.000000
0.875000,0.812500,0.198809,0.283814,0.000000,861.000000
0.968750,1.000000,0.217791,0.276831,0.000000,881.000000
0.937500,0.937500,0.326812,0.245617,0.000000,901.000000
0.875000,0.812500,0.396176,0.338157,0.000000,921.000000
0.812500,0.937500,0.611947,0.167439,0.000000,941.000000
0.906250,0.937500,0.252478,0.207364,0.000000,961.000000
0.906250,0.937500,0.126655,0.324468,0.000000,981.000000
0.875000,0.937500,0.155866,0.321594,0.000000,1001.000000
0.937500,0.937500,0.194509,0.193421,0.000000,1021.000000
0.968750,0.687500,0.198429,0.296373,0.000000,1041.000000
0.968750,0.812500,0.172003,0.254897,0.000000,1061.000000
0.968750,0.937500,0.323374,0.352932,0.000000,1081.000000
0.875000,0.937500,0.138129,0.193119,0.000000,1101.000000
0.906250,0.937500,0.221219,0.306747,0.000000,1121.000000
0.937500,0.781250,0.472705,0.181640,0.000000,1141.000000
0.937500,0.937500,0.201472,0.354612,0.000000,1161.000000
0.875000,0.875000,0.106199,0.275960,0.000000,1181.000000
0.937500,0.875000,0.094555,0.198346,0.000000,1201.000000
0.968750,0.812500,0.144468,0.249801,0.000000,1221.000000
0.906250,1.000000,0.122488,0.244651,0.000000,1241.000000
1.000000,0.812500,0.347880,0.276345,0.000000,1261.000000
0.937500,1.000000,0.289219,0.358798,0.000000,1281.000000
0.906250,0.875000,0.324869,0.280479,0.000000,1301.000000
0.937500,1.000000,0.053935,0.204269,0.000000,1321.000000
0.875000,1.000000,0.384150,0.304218,0.000000,1341.000000
0.906250,0.937500,0.245410,0.242981,0.000000,1361.000000
0.843750,0.875000,0.163678,0.317071,0.000000,1381.000000
0.875000,0.937500,0.353166,0.214648,0.000000,1401.000000
0.875000,0.937500,0.353416,0.147144,0.000000,1421.000000
0.968750,0.750000,0.602024,0.207658,0.000000,1441.000000
0.968750,0.875000,0.163645,0.263220,0.000000,1461.000000
0.937500,0.937500,0.227107,0.266720,0.000000,1481.000000
0.906250,0.875000,0.234432,0.273435,0.000000,1501.000000
0.812500,0.937500,0.167362,0.160697,0.000000,1521.000000
0.968750,0.875000,0.225585,0.224532,0.000000,1541.000000
0.937500,0.781250,0.086769,0.207346,0.000000,1561.000000
0.937500,0.937500,0.203625,0.252183,0.000000,1581.000000
0.875000,0.812500,0.195870,0.237119,0.000000,1601.000000
0.937500,0.937500,0.068868,0.215880,0.000000,1621.000000
0.968750,0.937500,0.218508,0.162306,0.000000,1641.000000
0.875000,0.937500,0.314615,0.249063,0.000000,1661.000000
0.968750,1.000000,0.193900,0.217083,0.000000,1681.000000
0.968750,0.812500,0.338391,0.204347,0.000000,1701.000000
0.937500,1.000000,0.255962,0.218230,0.000000,1721.000000
0.875000,1.000000,0.189956,0.124221,0.000000,1741.000000
1.000000,1.000000,0.193131,0.139075,0.000000,1761.000000
0.937500,0.937500,0.239656,0.199420,0.000000,1781.000000
0.968750,0.875000,0.153847,0.176209,0.000000,1801.000000
0.968750,0.875000,0.209317,0.267912,0.000000,1821.000000
0.968750,0.937500,0.271823,0.234577,0.000000,1841.000000
0.937500,0.937500,0.284825,0.317422,0.000000,1861.000000
0.875000,0.937500,0.345497,0.211685,0.000000,1881.000000
0.906250,0.875000,0.200531,0.249399,0.000000,1901.000000
0.906250,0.937500,0.220074,0.309168,0.000000,1921.000000
0.937500,0.875000,0.075420,0.365999,0.000000,1941.000000
0.968750,0.875000,0.244053,0.214765,0.000000,1961.000000
0.906250,0.875000,0.196736,0.296034,1.000000,1966.000000
1.000000,0.937500,0.262441,0.145813,1.000000,1986.000000
0.968750,0.937500,0.225059,0.206194,1.000000,2006.000000
0.843750,0.875000,0.134026,0.131335,1.000000,2026.000000
0.937500,1.000000,0.347919,0.109219,1.000000,2046.000000
0.906250,0.875000,0.078857,0.155102,1.000000,2066.000000
0.937500,0.937500,0.069315,0.104601,1.000000,2086.000000
0.968750,1.000000,0.178273,0.197731,1.000000,2106.000000
1.000000,0.875000,0.141422,0.133408,1.000000,2126.000000
0.906250,0.750000,0.272466,0.292369,1.000000,2146.000000
0.937500,0.812500,0.171102,0.216030,1.000000,2166.000000
0.937500,1.000000,0.275037,0.220777,1.000000,2186.000000
0.937500,1.000000,0.327167,0.101516,1.000000,2206.000000
0.937500,0.937500,0.266712,0.124971,1.000000,2226.000000
0.906250,0.937500,0.169553,0.190641,1.000000,2246.000000
0.906250,0.937500,0.215701,0.155114,1.000000,2266.000000
0.906250,0.875000,0.225650,0.309007,1.000000,2286.000000
0.875000,0.875000,0.359471,0.180566,1.000000,2306.000000
0.859375,1.000000,0.318974,0.188670,1.000000,2326.000000
0.843750,0.875000,0.263673,0.226247,1.000000,2346.000000
0.968750,0.875000,0.088114,0.223529,1.000000,2366.000000
0.937500,0.937500,0.224524,0.152055,1.000000,2386.000000
0.968750,0.875000,0.258313,0.246698,1.000000,2406.000000
1.000000,0.875000,0.395925,0.148774,1.000000,2426.000000
0.906250,0.875000,0.156512,0.175282,1.000000,2446.000000
0.937500,0.937500,0.274714,0.170498,1.000000,2466.000000
0.890625,1.000000,0.240501,0.110502,1.000000,2486.000000
1.000000,1.000000,0.102509,0.169954,1.000000,2506.000000
0.937500,0.937500,0.221170,0.205767,1.000000,2526.000000
0.968750,1.000000,0.059936,0.203206,1.000000,2546.000000
0.906250,0.875000,0.089451,0.166193,1.000000,2566.000000
0.937500,0.937500,0.247298,0.206039,1.000000,2586.000000
0.906250,0.937500,0.193290,0.193097,1.000000,2606.000000
1.000000,0.937500,0.093943,0.147472,1.000000,2626.000000
0.875000,1.000000,0.051674,0.217241,1.000000,2646.000000
0.906250,1.000000,0.069227,0.201727,1.000000,2666.000000
0.937500,1.000000,0.115244,0.234025,1.000000,2686.000000
0.968750,1.000000,0.410347,0.140060,1.000000,2706.000000
0.968750,0.937500,0.129891,0.140716,1.000000,2726.000000
0.937500,0.750000,0.086958,0.174019,1.000000,2746.000000
0.937500,0.812500,0.086217,0.180696,1.000000,2766.000000
0.843750,1.000000,0.201533,0.220673,1.000000,2786.000000
0.906250,1.000000,0.061994,0.212870,1.000000,2806.000000
0.906250,1.000000,0.259779,0.167678,1.000000,2826.000000
0.968750,0.875000,0.091093,0.188304,1.000000,2846.000000
0.937500,0.937500,0.114046,0.263174,1.000000,2866.000000
0.906250,0.937500,0.174864,0.124578,1.000000,2886.000000
1.000000,1.000000,0.134138,0.178963,1.000000,2906.000000
0.843750,0.937500,0.064514,0.268247,1.000000,2926.000000
0.906250,1.000000,0.202670,0.122759,1.000000,2946.000000
0.937500,1.000000,0.186243,0.187419,1.000000,2966.000000
0.875000,0.937500,0.225963,0.162706,1.000000,2986.000000
1.000000,0.875000,0.286260,0.256661,1.000000,3006.000000
0.906250,0.875000,0.093839,0.205703,1.000000,3026.000000
0.937500,0.937500,0.312167,0.107216,1.000000,3046.000000
1.000000,1.000000,0.084472,0.146023,1.000000,3066.000000
0.843750,1.000000,0.149614,0.178522,1.000000,3086.000000
0.968750,0.875000,0.167842,0.204207,1.000000,3106.000000
0.937500,0.875000,0.443274,0.238899,1.000000,3126.000000
0.875000,1.000000,0.229118,0.162731,1.000000,3146.000000
0.968750,1.000000,0.226001,0.140183,1.000000,3166.000000
0.937500,0.937500,0.154003,0.157110,1.000000,3186.000000
0.843750,1.000000,0.060001,0.190041,1.000000,3206.000000
0.906250,0.937500,0.349061,0.205245,1.000000,3226.000000
0.937500,1.000000,0.241258,0.189051,1.000000,3246.000000
0.937500,1.000000,0.322364,0.200894,1.000000,3266.000000
0.968750,0.937500,0.042674,0.174493,1.000000,3286.000000
0.937500,1.000000,0.339421,0.196313,1.000000,3306.000000
0.906250,0.875000,0.276970,0.220608,1.000000,3326.000000
0.968750,0.968750,0.153366,0.201238,1.000000,3346.000000
0.937500,0.875000,0.051641,0.213805,1.000000,3366.000000
0.906250,0.812500,0.092482,0.184128,1.000000,3386.000000
0.937500,0.875000,0.174593,0.189735,1.000000,3406.000000
0.937500,1.000000,0.291158,0.238195,1.000000,3426.000000
0.968750,0.812500,0.156507,0.131838,1.000000,3446.000000
1.000000,0.937500,0.089482,0.173028,1.000000,3466.000000
0.968750,0.875000,0.245372,0.137741,1.000000,3486.000000
0.968750,0.937500,0.103871,0.221447,1.000000,3506.000000
0.968750,0.875000,0.319930,0.168950,1.000000,3526.000000
0.937500,1.000000,0.231812,0.120533,1.000000,3546.000000
0.906250,0.937500,0.125166,0.166026,1.000000,3566.000000
1.000000,1.000000,0.090730,0.185782,1.000000,3586.000000
0.875000,0.937500,0.090836,0.123966,1.000000,3606.000000
1.000000,1.000000,0.145250,0.155697,1.000000,3626.000000
0.937500,0.875000,0.237207,0.148606,1.000000,3646.000000
0.937500,0.937500,0.097470,0.173019,1.000000,3666.000000
0.906250,0.875000,0.017068,0.204629,1.000000,3686.000000
0.968750,1.000000,0.192830,0.194286,1.000000,3706.000000
0.968750,0.812500,0.112908,0.193535,1.000000,3726.000000
1.000000,1.000000,0.100836,0.188458,1.000000,3746.000000
0.968750,1.000000,0.051471,0.262856,1.000000,3766.000000
0.968750,0.937500,0.053826,0.216547,1.000000,3786.000000
0.921875,1.000000,0.058716,0.253991,1.000000,3806.000000
0.937500,1.000000,0.172663,0.235676,1.000000,3826.000000
1.000000,0.937500,0.154748,0.126540,1.000000,3846.000000
0.937500,0.937500,0.385794,0.110055,1.000000,3866.000000
1.000000,1.000000,0.078093,0.201797,1.000000,3886.000000
0.937500,0.937500,0.284348,0.233243,1.000000,3906.000000
0.906250,0.875000,0.107773,0.137141,1.000000,3926.000000
0.968750,1.000000,0.160926,0.131045,2.000000,3931.000000
0.937500,1.000000,0.137747,0.173600,2.000000,3951.000000
0.968750,1.000000,0.195711,0.131859,2.000000,3971.000000
1.000000,0.937500,0.125621,0.202426,2.000000,3991.000000
0.968750,1.000000,0.171599,0.160120,2.000000,4011.000000
0.968750,0.937500,0.296284,0.179888,2.000000,4031.000000
1.000000,0.937500,0.138907,0.200695,2.000000,4051.000000
0.906250,0.937500,0.212035,0.184944,2.000000,4071.000000
0.875000,0.937500,0.373445,0.179072,2.000000,4091.000000
1.000000,1.000000,0.222438,0.224572,2.000000,4111.000000
0.812500,1.000000,0.111435,0.179342,2.000000,4131.000000
0.968750,0.937500,0.141577,0.152322,2.000000,4151.000000
0.937500,0.937500,0.431395,0.194490,2.000000,4171.000000
0.875000,0.937500,0.170967,0.136100,2.000000,4191.000000
0.968750,1.000000,0.089975,0.127680,2.000000,4211.000000
1.000000,0.937500,0.123889,0.140562,2.000000,4231.000000
1.000000,0.875000,0.141898,0.208460,2.000000,4251.000000
0.906250,0.937500,0.258657,0.193025,2.000000,4271.000000
0.875000,0.937500,0.084277,0.143239,2.000000,4291.000000
0.968750,0.937500,0.149195,0.238824,2.000000,4311.000000
0.906250,0.875000,0.132395,0.121602,2.000000,4331.000000
0.937500,1.000000,0.203329,0.157550,2.000000,4351.000000
0.937500,1.000000,0.077204,0.118693,2.000000,4371.000000
0.937500,1.000000,0.153133,0.172213,2.000000,4391.000000
0.875000,0.937500,0.353624,0.135751,2.000000,4411.000000
0.937500,0.937500,0.171465,0.143786,2.000000,4431.000000
0.968750,0.875000,0.146317,0.247892,2.000000,4451.000000
0.875000,1.000000,0.165622,0.080022,2.000000,4471.000000
1.000000,1.000000,0.053816,0.171342,2.000000,4491.000000
1.000000,0.875000,0.091892,0.127719,2.000000,4511.000000
0.906250,0.875000,0.120726,0.187830,2.000000,4531.000000
0.968750,0.875000,0.175481,0.137360,2.000000,4551.000000
1.000000,0.812500,0.278957,0.196185,2.000000,4571.000000
0.968750,0.812500,0.197721,0.155576,2.000000,4591.000000
0.968750,1.000000,0.100476,0.130355,2.000000,4611.000000
0.968750,0.937500,0.280073,0.211799,2.000000,4631.000000
0.937500,0.937500,0.124941,0.143207,2.000000,4651.000000
0.968750,1.000000,0.098145,0.144737,2.000000,4671.000000
0.906250,1.000000,0.171536,0.255428,2.000000,4691.000000
0.875000,0.937500,0.056781,0.127483,2.000000,4711.000000
0.968750,1.000000,0.155009,0.149091,2.000000,4731.000000
0.968750,0.937500,0.083542,0.266373,2.000000,4751.000000
1.000000,0.937500,0.208846,0.144702,2.000000,4771.000000
0.937500,1.000000,0.270383,0.177083,2.000000,4791.000000
1.000000,0.875000,0.279579,0.161953,2.000000,4811.000000
1.000000,0.937500,0.076628,0.150394,2.000000,4831.000000
0.937500,0.875000,0.135561,0.220303,2.000000,4851.000000
0.875000,0.937500,0.064958,0.119032,2.000000,4871.000000
0.875000,0.875000,0.281776,0.140707,2.000000,4891.000000
0.968750,0.937500,0.090990,0.127848,2.000000,4911.000000
0.937500,1.000000,0.139079,0.156462,2.000000,4931.000000
0.937500,1.000000,0.180497,0.189744,2.000000,4951.000000
0.875000,0.937500,0.301657,0.156150,2.000000,4971.000000
0.968750,0.937500,0.078606,0.082447,2.000000,4991.000000
0.937500,1.000000,0.167593,0.167122,2.000000,5011.000000
0.968750,0.937500,0.131257,0.138076,2.000000,5031.000000
0.875000,1.000000,0.203008,0.220790,2.000000,5051.000000
0.968750,0.937500,0.068350,0.134208,2.000000,5071.000000
0.937500,1.000000,0.106631,0.169215,2.000000,5091.000000
0.968750,0.875000,0.318921,0.131450,2.000000,5111.000000
0.937500,1.000000,0.216159,0.167768,2.000000,5131.000000
0.968750,1.000000,0.038813,0.148700,2.000000,5151.000000
0.968750,1.000000,0.218510,0.218964,2.000000,5171.000000
1.000000,0.937500,0.424588,0.127923,2.000000,5191.000000
0.968750,1.000000,0.030202,0.222862,2.000000,5211.000000
0.937500,0.937500,0.094473,0.241199,2.000000,5231.000000
0.937500,0.875000,0.291373,0.081007,2.000000,5251.000000
0.937500,0.812500,0.290695,0.108069,2.000000,5271.000000
0.968750,1.000000,0.046634,0.175200,2.000000,5291.000000
0.937500,1.000000,0.281373,0.159903,2.000000,5311.000000
0.937500,0.937500,0.036885,0.150852,2.000000,5331.000000
0.968750,1.000000,0.100663,0.101203,2.000000,5351.000000
0.843750,1.000000,0.141541,0.187412,2.000000,5371.000000
0.812500,0.937500,0.158236,0.258380,2.000000,5391.000000
0.937500,0.937500,0.069093,0.118217,2.000000,5411.000000
0.937500,0.937500,0.057439,0.063937,2.000000,5431.000000
0.937500,0.937500,0.111646,0.276844,2.000000,5451.000000
0.906250,0.937500,0.022587,0.173049,2.000000,5471.000000
0.875000,1.000000,0.105120,0.262913,2.000000,5491.000000
0.968750,1.000000,0.405516,0.262677,2.000000,5511.000000
0.937500,0.937500,0.160209,0.093280,2.000000,5531.000000
0.968750,1.000000,0.130261,0.168775,2.000000,5551.000000
0.937500,0.937500,0.098295,0.170319,2.000000,5571.000000
1.000000,1.000000,0.138371,0.180246,2.000000,5591.000000
0.906250,0.812500,0.123041,0.131985,2.000000,5611.000000
0.937500,1.000000,0.078466,0.208024,2.000000,5631.000000
0.906250,0.937500,0.051877,0.118097,2.000000,5651.000000
0.937500,0.937500,0.080081,0.155150,2.000000,5671.000000
0.937500,1.000000,0.063222,0.128878,2.000000,5691.000000
0.937500,1.000000,0.211436,0.107929,2.000000,5711.000000
0.906250,1.000000,0.177678,0.252767,2.000000,5731.000000
0.937500,0.937500,0.063545,0.129266,2.000000,5751.000000
0.968750,0.937500,0.099782,0.089846,2.000000,5771.000000
0.875000,0.937500,0.114647,0.131477,2.000000,5791.000000
0.968750,0.937500,0.201138,0.176941,2.000000,5811.000000
0.937500,1.000000,0.100444,0.155830,2.000000,5831.000000
1.000000,0.812500,0.273900,0.158889,2.000000,5851.000000
0.968750,1.000000,0.035547,0.209107,2.000000,5871.000000
0.937500,1.000000,0.214778,0.091781,2.000000,5891.000000
1.000000,1.000000,0.038908,0.237311,3.000000,5896.000000
0.937500,1.000000,0.063290,0.183560,3.000000,5916.000000
1.000000,0.937500,0.141968,0.156194,3.000000,5936.000000
0.937500,1.000000,0.085094,0.157203,3.000000,5956.000000
0.906250,0.937500,0.100046,0.104865,3.000000,5976.000000
0.968750,1.000000,0.087794,0.200028,3.000000,5996.000000
0.906250,0.937500,0.042806,0.326709,3.000000,6016.000000
0.968750,0.875000,0.069254,0.112056,3.000000,6036.000000
0.968750,1.000000,0.207113,0.157785,3.000000,6056.000000
1.000000,0.937500,0.136912,0.171408,3.000000,6076.000000
1.000000,0.937500,0.208660,0.105864,3.000000,6096.000000
0.875000,1.000000,0.019204,0.233354,3.000000,6116.000000
0.875000,1.000000,0.082504,0.255997,3.000000,6136.000000
1.000000,1.000000,0.129915,0.220590,3.000000,6156.000000
0.843750,1.000000,0.151326,0.185492,3.000000,6176.000000
1.000000,0.937500,0.269080,0.168430,3.000000,6196.000000
0.937500,0.875000,0.071692,0.167614,3.000000,6216.000000
0.968750,0.937500,0.066935,0.218409,3.000000,6236.000000
0.968750,1.000000,0.046632,0.168582,3.000000,6256.000000
0.906250,1.000000,0.161560,0.199256,3.000000,6276.000000
0.875000,1.000000,0.237433,0.206994,3.000000,6296.000000
0.937500,0.875000,0.101324,0.176657,3.000000,6316.000000
1.000000,0.937500,0.254434,0.139922,3.000000,6336.000000
0.968750,1.000000,0.127393,0.255044,3.000000,6356.000000
0.968750,0.937500,0.068321,0.129887,3.000000,6376.000000
0.906250,1.000000,0.233929,0.193809,3.000000,6396.000000
1.000000,0.937500,0.034613,0.105033,3.000000,6416.000000
0.968750,1.000000,0.149159,0.114277,3.000000,6436.000000
0.906250,0.937500,0.192319,0.095673,3.000000,6456.000000
0.937500,1.000000,0.041705,0.168434,3.000000,6476.000000
0.968750,0.937500,0.209041,0.161181,3.000000,6496.000000
0.937500,0.937500,0.143676,0.135928,3.000000,6516.000000
0.906250,1.000000,0.088430,0.161156,3.000000,6536.000000
1.000000,0.875000,0.472225,0.156368,3.000000,6556.000000
0.968750,1.000000,0.088898,0.218490,3.000000,6576.000000
0.968750,0.812500,0.074979,0.137009,3.000000,6596.000000
0.875000,0.937500,0.172728,0.113446,3.000000,6616.000000
0.968750,1.000000,0.108992,0.156227,3.000000,6636.000000
0.937500,1.000000,0.153506,0.194965,3.000000,6656.000000
0.968750,0.937500,0.047503,0.162448,3.000000,6676.000000
1.000000,0.937500,0.101556,0.157120,3.000000,6696.000000
0.968750,1.000000,0.066858,0.170044,3.000000,6716.000000
1.000000,1.000000,0.083175,0.153058,3.000000,6736.000000
0.968750,0.937500,0.044145,0.221131,3.000000,6756.000000
0.968750,0.875000,0.083963,0.130932,3.000000,6776.000000
1.000000,1.000000,0.152669,0.187247,3.000000,6796.000000
0.937500,0.875000,0.109774,0.066217,3.000000,6816.000000
1.000000,1.000000,0.167207,0.148559,3.000000,6836.000000
0.937500,1.000000,0.178692,0.191078,3.000000,6856.000000
1.000000,0.812500,0.141684,0.070283,3.000000,6876.000000
1.000000,1.000000,0.186275,0.128830,3.000000,6896.000000
0.937500,1.000000,0.081964,0.183357,3.000000,6916.000000
1.000000,0.937500,0.112349,0.274142,3.000000,6936.000000
0.968750,0.812500,0.142270,0.128954,3.000000,6956.000000
0.937500,0.937500,0.203974,0.181296,3.000000,6976.000000
0.968750,0.812500,0.197712,0.179214,3.000000,6996.000000
0.937500,0.937500,0.022855,0.145569,3.000000,7016.000000
0.937500,0.937500,0.162882,0.171052,3.000000,7036.000000
0.968750,0.937500,0.113288,0.121033,3.000000,7056.000000
0.968750,1.000000,0.209646,0.115409,3.000000,7076.000000
0.875000,0.937500,0.183185,0.136307,3.000000,7096.000000
0.937500,1.000000,0.207422,0.201376,3.000000,7116.000000
1.000000,1.000000,0.246450,0.151612,3.000000,7136.000000
0.968750,0.875000,0.122998,0.149143,3.000000,7156.000000
1.000000,0.937500,0.207679,0.167746,3.000000,7176.000000
1.000000,1.000000,0.084396,0.131959,3.000000,7196.000000
0.968750,1.000000,0.249967,0.118478,3.000000,7216.000000
0.875000,1.000000,0.221800,0.142806,3.000000,7236.000000
0.968750,0.875000,0.036166,0.145105,3.000000,7256.000000
0.937500,1.000000,0.132839,0.093243,3.000000,7276.000000
0.968750,0.937500,0.044713,0.105892,3.000000,7296.000000
0.968750,0.937500,0.030520,0.161010,3.000000,7316.000000
0.968750,1.000000,0.019642,0.123852,3.000000,7336.000000
0.937500,0.937500,0.388944,0.196550,3.000000,7356.000000
0.968750,1.000000,0.112372,0.181822,3.000000,7376.000000
0.937500,0.937500,0.081233,0.159063,3.000000,7396.000000
0.968750,1.000000,0.207061,0.137100,3.000000,7416.000000
0.906250,1.000000,0.090892,0.124789,3.000000,7436.000000
1.000000,1.000000,0.118724,0.197760,3.000000,7456.000000
0.968750,1.000000,0.044048,0.107372,3.000000,7476.000000
1.000000,0.937500,0.042827,0.075324,3.000000,7496.000000
1.000000,1.000000,0.179124,0.139552,3.000000,7516.000000
0.937500,1.000000,0.259236,0.132622,3.000000,7536.000000
0.906250,0.937500,0.060866,0.131755,3.000000,7556.000000
0.937500,0.875000,0.158219,0.149482,3.000000,7576.000000
1.000000,0.937500,0.665095,0.120455,3.000000,7596.000000
1.000000,0.937500,0.149532,0.170724,3.000000,7616.000000
0.968750,0.937500,0.128140,0.110535,3.000000,7636.000000
0.968750,0.875000,0.024261,0.196359,3.000000,7656.000000
0.968750,1.000000,0.207625,0.149096,3.000000,7676.000000
0.937500,0.937500,0.047404,0.099070,3.000000,7696.000000
1.000000,0.875000,0.068516,0.231317,3.000000,7716.000000
0.906250,0.937500,0.042884,0.091311,3.000000,7736.000000
1.000000,1.000000,0.069601,0.094817,3.000000,7756.000000
0.968750,1.000000,0.042725,0.160194,3.000000,7776.000000
0.968750,0.937500,0.163162,0.173968,3.000000,7796.000000
1.000000,0.937500,0.164224,0.080146,3.000000,7816.000000
0.968750,0.937500,0.037451,0.135935,3.000000,7836.000000
0.937500,0.937500,0.070380,0.142298,3.000000,7856.000000
1.000000,0.937500,0.049710,0.152778,4.000000,7861.000000
0.968750,1.000000,0.257444,0.130163,4.000000,7881.000000
1.000000,0.937500,0.088758,0.188622,4.000000,7901.000000
0.906250,1.000000,0.199772,0.079867,4.000000,7921.000000
1.000000,1.000000,0.182740,0.118529,4.000000,7941.000000
0.937500,0.875000,0.027064,0.222946,4.000000,7961.000000
0.937500,0.937500,0.044745,0.148767,4.000000,7981.000000
0.968750,1.000000,0.097696,0.138125,4.000000,8001.000000
0.937500,1.000000,0.127914,0.173213,4.000000,8021.000000
0.968750,1.000000,0.068902,0.125406,4.000000,8041.000000
0.937500,0.937500,0.218018,0.126778,4.000000,8061.000000
0.968750,1.000000,0.067286,0.221620,4.000000,8081.000000
1.000000,0.812500,0.075468,0.073730,4.000000,8101.000000
1.000000,1.000000,0.230635,0.167739,4.000000,8121.000000
0.968750,0.937500,0.039456,0.121909,4.000000,8141.000000
0.937500,0.937500,0.042949,0.092885,4.000000,8161.000000
0.968750,0.937500,0.135341,0.137569,4.000000,8181.000000
0.968750,0.937500,0.091092,0.150994,4.000000,8201.000000
0.937500,1.000000,0.032578,0.185882,4.000000,8221.000000
0.937500,1.000000,0.068693,0.183728,4.000000,8241.000000
0.937500,1.000000,0.019591,0.104237,4.000000,8261.000000
0.937500,0.875000,0.072724,0.120605,4.000000,8281.000000
0.968750,0.875000,0.303414,0.121626,4.000000,8301.000000
0.968750,1.000000,0.103601,0.198168,4.000000,8321.000000
0.937500,1.000000,0.063298,0.150591,4.000000,8341.000000
0.906250,0.937500,0.094204,0.152446,4.000000,8361.000000
0.937500,1.000000,0.048962,0.171733,4.000000,8381.000000
0.906250,0.937500,0.034652,0.188605,4.000000,8401.000000
1.000000,0.875000,0.186794,0.129696,4.000000,8421.000000
0.968750,0.875000,0.064603,0.113250,4.000000,8441.000000
0.968750,0.937500,0.030373,0.188886,4.000000,8461.000000
1.000000,0.937500,0.025362,0.094835,4.000000,8481.000000
0.968750,1.000000,0.050978,0.109129,4.000000,8501.000000
0.968750,0.937500,0.107242,0.085272,4.000000,8521.000000
1.000000,0.812500,0.117714,0.153856,4.000000,8541.000000
1.000000,0.937500,0.182124,0.162414,4.000000,8561.000000
1.000000,0.937500,0.079722,0.142686,4.000000,8581.000000
1.000000,1.000000,0.134264,0.128699,4.000000,8601.000000
1.000000,1.000000,0.110250,0.235651,4.000000,8621.000000
0.968750,0.937500,0.097013,0.103536,4.000000,8641.000000
0.875000,1.000000,0.162606,0.169359,4.000000,8661.000000
0.937500,1.000000,0.119432,0.114860,4.000000,8681.000000
0.968750,1.000000,0.199449,0.134870,4.000000,8701.000000
1.000000,0.937500,0.210778,0.146433,4.000000,8721.000000
0.968750,0.812500,0.185665,0.162262,4.000000,8741.000000
0.968750,0.937500,0.019741,0.116075,4.000000,8761.000000
1.000000,1.000000,0.219529,0.144495,4.000000,8781.000000
0.968750,1.000000,0.039343,0.148265,4.000000,8801.000000
1.000000,0.937500,0.016055,0.130049,4.000000,8821.000000
0.937500,1.000000,0.112742,0.069889,4.000000,8841.000000
0.937500,1.000000,0.016720,0.176883,4.000000,8861.000000
1.000000,1.000000,0.088029,0.047827,4.000000,8881.000000
0.968750,0.937500,0.111781,0.148687,4.000000,8901.000000
0.968750,1.000000,0.065643,0.192378,4.000000,8921.000000
0.937500,0.937500,0.102301,0.132799,4.000000,8941.000000
0.968750,1.000000,0.115454,0.179410,4.000000,8961.000000
1.000000,0.937500,0.133912,0.076134,4.000000,8981.000000
1.000000,0.937500,0.134446,0.145758,4.000000,9001.000000
0.968750,0.937500,0.293575,0.181623,4.000000,9021.000000
1.000000,0.937500,0.119573,0.154896,4.000000,9041.000000
0.937500,0.937500,0.112570,0.212450,4.000000,9061.000000
0.968750,1.000000,0.170521,0.199376,4.000000,9081.000000
0.968750,1.000000,0.074753,0.139384,4.000000,9101.000000
1.000000,0.937500,0.204696,0.139219,4.000000,9121.000000
0.968750,0.937500,0.211967,0.091654,4.000000,9141.000000
0.875000,0.875000,0.113632,0.190969,4.000000,9161.000000
0.968750,1.000000,0.203073,0.143454,4.000000,9181.000000
0.968750,0.937500,0.318098,0.186008,4.000000,9201.000000
0.968750,1.000000,0.107259,0.134350,4.000000,9221.000000
0.937500,1.000000,0.177642,0.173572,4.000000,9241.000000
0.937500,1.000000,0.065698,0.106997,4.000000,9261.000000
0.937500,1.000000,0.209438,0.138302,4.000000,9281.000000
0.968750,0.875000,0.123168,0.181639,4.000000,9301.000000
1.000000,0.937500,0.195819,0.111101,4.000000,9321.000000
0.937500,1.000000,0.094953,0.117884,4.000000,9341.000000
1.000000,0.937500,0.054696,0.140448,4.000000,9361.000000
1.000000,1.000000,0.137110,0.168824,4.000000,9381.000000
0.937500,0.937500,0.031795,0.113577,4.000000,9401.000000
1.000000,1.000000,0.170128,0.086538,4.000000,9421.000000
1.000000,1.000000,0.111479,0.163058,4.000000,9441.000000
0.937500,1.000000,0.173891,0.151142,4.000000,9461.000000
0.937500,0.937500,0.022856,0.077535,4.000000,9481.000000
0.968750,1.000000,0.059864,0.146214,4.000000,9501.000000
0.968750,0.937500,0.072073,0.145092,4.000000,9521.000000
1.000000,1.000000,0.146456,0.134483,4.000000,9541.000000
0.937500,0.875000,0.026023,0.057245,4.000000,9561.000000
0.906250,1.000000,0.127067,0.098726,4.000000,9581.000000
1.000000,1.000000,0.173031,0.134888,4.000000,9601.000000
0.968750,0.937500,0.080205,0.114363,4.000000,9621.000000
1.000000,0.875000,0.083174,0.092953,4.000000,9641.000000
0.968750,0.937500,0.091435,0.129817,4.000000,9661.000000
0.968750,0.875000,0.038875,0.163903,4.000000,9681.000000
0.937500,1.000000,0.066352,0.096894,4.000000,9701.000000
0.968750,1.000000,0.221857,0.170721,4.000000,9721.000000
0.968750,1.000000,0.033968,0.201647,4.000000,9741.000000
0.968750,1.000000,0.098147,0.178982,4.000000,9761.000000
0.968750,0.937500,0.061593,0.101444,4.000000,9781.000000
0.968750,1.000000,0.090320,0.194876,4.000000,9801.000000
0.937500,1.000000,0.160357,0.116304,4.000000,9821.000000
